block,cost,SHA_COMPRESS,SHA_EXTEND,KECCAK_PERMUTE,POSEIDON2_PERMUTE,ED_ADD,ED_DECOMPRESS,SECP256K1_ADD,SECP256K1_DOUBLE,SECP256K1_DECOMPRESS,SECP256R1_ADD,SECP256R1_DOUBLE,SECP256R1_DECOMPRESS,BN254_ADD,BN254_DOUBLE,BLS12381_ADD,BLS12381_DOUBLE,BLS12381_DECOMPRESS,BN254_FP_ADD,BN254_FP_SUB,BN254_FP_MUL,BN254_FP2_ADD,BN254_FP2_SUB,BN254_FP2_MUL,BLS12381_FP_ADD,BLS12381_FP_SUB,BLS12381_FP_MUL,BLS12381_FP2_ADD,BLS12381_FP2_SUB,BLS12381_FP2_MUL,SECP256K1_FP_ADD,SECP256K1_FP_SUB,SECP256K1_FP_MUL,UINT256_MUL
24000000,46516580805366667,14,14,140114,0,0,0,76618,153600,0,0,0,0,0,0,0,0,0,48360,0,0,17578,0,18039,0,0,0,0,0,0,0,0,0,2
24000001,25621556507423314,14,14,79593,0,0,0,46652,93696,0,0,0,0,0,0,0,0,0,0,0,0,0,0,0,0,0,0,0,0,0,0,0,0,0
24000002,21357888234856471,18,18,65671,0,0,0,69791,139776,0,0,0,0,0,0,0,0,0,0,0,0,0,0,0,0,0,0,0,0,0,0,0,0,0
24000003,22305415152743079,18,18,68050,0,0,0,56294,112640,0,0,0,0,0,0,0,0,0,0,0,0,0,0,0,0,0,0,0,0,0,0,0,0,0
24000004,22834463804337752,23,23,74711,0,0,0,69195,139264,0,0,0,0,0,0,0,0,0,0,0,0,0,0,0,0,0,0,0,0,0,0,0,0,0
24000005,48778434803114635,18,18,142297,0,0,0,68539,137216,0,0,0,0,0,0,0,0,0,48794,0,0,17578,0,18039,0,0,0,0,0,0,0,0,0,2
24000006,15512008358225406,14,14,62128,0,0,0,75487,151552,0,0,0,0,0,0,0,0,0,0,0,0,0,0,0,0,0,0,0,0,0,0,0,0,0
24000007,41606921609111026,51,51,111220,0,0,0,56938,114176,0,0,0,0,0,0,0,0,0,203122,0,0,17578,0,18039,0,0,0,0,0,0,0,0,0,19
24000008,29238534403671621,14,14,92010,0,0,0,48166,96768,0,0,0,0,0,0,0,0,0,0,0,0,0,0,0,0,0,0,0,0,0,0,0,0,0
24000009,81513923034506125,14,14,100983,0,0,0,16967,33792,0,0,0,0,0,0,0,0,0,0,0,0,0,0,0,0,0,0,0,0,0,0,0,0,0
24000010,38356475225566437,23,23,123931,0,0,0,124010,249344,0,0,0,0,0,0,0,0,0,0,0,0,0,0,0,0,0,0,0,0,0,0,0,0,0
24000011,8299044123604049,14,14,21786,0,0,0,18317,36864,0,0,0,0,0,0,0,0,0,0,0,0,0,0,0,0,0,0,0,0,0,0,0,0,0
24000012,26491915501714239,14,14,84967,0,0,0,63151,126464,0,0,0,0,0,0,0,0,0,0,0,0,0,0,0,0,0,0,0,0,0,0,0,0,0
24000013,55679893610109510,14,14,145395,0,0,0,64397,129536,0,0,0,0,0,0,0,0,0,0,0,0,0,0,0,0,0,0,0,0,0,0,0,0,0
24000014,4256280820903598,14,14,16640,0,0,0,21840,43520,0,0,0,0,0,0,0,0,0,0,0,0,0,0,0,0,0,0,0,0,0,0,0,0,0
24000015,47980476833948968,23,23,145601,0,0,0,96726,194560,0,0,0,0,0,0,0,0,0,0,0,0,0,0,0,0,0,0,0,0,0,0,0,0,0
24000016,81070914253822037,14,14,98628,0,0,0,15220,30720,0,0,0,0,0,0,0,0,0,0,0,0,0,0,0,0,0,0,0,0,0,0,0,0,0
24000017,37196884046419276,14,14,110344,0,0,0,87892,176128,0,0,0,0,0,0,0,0,0,0,0,0,0,0,0,0,0,0,0,0,0,0,0,0,0
24000018,28828891151132609,6523,6523,78649,0,0,0,53800,107520,0,0,0,0,0,0,0,0,0,0,0,0,0,0,0,0,0,0,0,0,0,0,0,0,0
24000019,38756952511587947,6541,6541,102282,0,0,0,69624,139776,0,0,0,0,0,0,0,0,0,201793,0,0,17578,0,18039,0,0,0,0,0,0,0,0,0,19
24000020,28185626913273474,15,15,94513,0,0,0,60706,121344,0,0,0,0,0,0,0,0,2,0,0,0,0,0,0,54103,0,0,30533,0,15023,0,0,0,4
24000021,35438139090133683,13856,13856,85772,0,0,0,55919,112128,0,0,0,0,0,0,0,0,0,0,0,0,0,0,0,0,0,0,0,0,0,0,0,0,0
24000022,23757643773534377,60,60,66597,0,0,0,50884,102400,0,0,0,0,0,0,0,0,0,199709,0,0,17578,0,18039,0,0,0,0,0,0,0,0,0,19
24000023,9043762220870822,14,14,28600,0,0,0,56189,112640,0,0,0,0,0,0,0,0,0,0,0,0,0,0,0,0,0,0,0,0,0,0,0,0,0
24000024,4334116509361722,14,14,15849,0,0,0,20733,41472,0,0,0,0,0,0,0,0,0,0,0,0,0,0,0,0,0,0,0,0,0,0,0,0,0
24000025,77450582616540501,38,38,146158,0,0,0,53733,108544,0,0,0,0,0,0,0,0,0,0,0,0,0,0,0,0,0,0,0,0,0,0,0,0,0
24000026,57543374842033380,20,20,133610,0,0,0,98117,197120,0,0,0,0,0,0,0,0,0,0,0,0,0,0,0,0,0,0,0,0,0,0,0,0,0
24000027,59620729345564646,14,14,115236,0,0,0,59130,118784,0,0,0,0,0,0,0,0,0,0,0,0,0,0,0,0,0,0,0,0,0,0,0,0,0
24000028,25561021331725879,30,30,73987,0,0,0,54769,110080,0,0,0,0,0,0,0,0,0,0,0,0,0,0,0,0,0,0,0,0,0,0,0,0,0
24000029,19245498472841868,18,18,63442,0,0,0,47341,94720,0,0,0,0,0,0,0,0,0,0,0,0,0,0,0,0,0,0,0,0,0,0,0,0,0
24000030,13348930365704704,14,14,48779,0,0,0,24737,49664,0,0,0,0,0,0,0,0,0,0,0,0,0,0,0,0,0,0,0,0,0,0,0,0,0
24000031,23444513044114639,16,16,84194,0,0,0,77644,155648,0,0,0,0,0,0,0,0,0,0,0,0,0,0,0,0,0,0,0,0,0,0,0,0,0
24000032,37240134939871245,14,14,129045,0,0,0,65059,131072,0,0,0,0,0,0,0,0,0,0,0,0,0,0,0,0,0,0,0,0,0,0,0,0,0
24000033,18320164920464837,14,14,68264,0,0,0,64709,129536,0,0,0,0,0,0,0,0,0,75501,0,0,17578,0,18039,0,0,0,0,0,0,0,0,0,5
24000034,50148197382532128,35,35,132080,0,0,0,60508,121856,0,0,0,0,0,0,0,0,0,48026,0,0,17578,0,18039,0,0,0,0,0,0,0,0,0,2
24000035,24782193536306878,21,21,87825,0,0,0,59962,120320,0,0,0,0,0,0,0,0,0,0,0,0,0,0,0,0,0,0,0,0,0,0,0,0,0
24000036,3565578160913243,14,14,12136,0,0,0,15256,30720,0,0,0,0,0,0,0,0,0,0,0,0,0,0,0,0,0,0,0,0,0,0,0,0,0
24000037,56711103223449421,18,18,165110,0,0,0,87427,175616,0,0,0,0,0,0,0,0,0,0,0,0,0,0,0,0,0,0,0,0,0,0,0,0,0
24000038,21218079384628322,18,18,68487,0,0,0,55314,111104,0,0,0,0,0,0,0,0,8,0,0,0,0,0,0,216412,0,0,122132,0,60092,0,0,0,16
24000039,20958615316553543,14,14,70842,0,0,0,46114,92672,0,0,0,0,0,0,0,0,0,0,0,0,0,0,0,0,0,0,0,0,0,0,0,0,0
24000040,54188342933057658,143,143,154326,0,0,0,67285,135168,0,0,0,0,0,0,0,0,0,47988,0,0,17578,0,18039,0,0,0,0,0,0,0,0,0,2
24000041,15418815845636811,14,14,56492,0,0,0,46297,93184,0,0,0,0,0,0,0,0,0,0,0,0,0,0,0,0,0,0,0,0,0,0,0,0,0
24000042,16495481769521683,15,15,52823,0,0,0,35887,72192,0,0,0,0,0,0,0,0,2,0,0,0,0,0,0,54103,0,0,30533,0,15023,0,0,0,4
24000043,43061956651597159,14,14,129024,0,0,0,91233,183296,0,0,0,0,0,0,0,0,0,0,0,0,0,0,0,0,0,0,0,0,0,0,0,0,0
24000044,29538918635188693,14,14,100140,0,0,0,63482,127488,0,0,0,0,0,0,0,0,0,0,0,0,0,0,0,0,0,0,0,0,0,0,0,0,0
24000045,81029215469951382,14,14,104330,0,0,0,21171,42496,0,0,0,0,0,0,0,0,0,0,0,0,0,0,0,0,0,0,0,0,0,0,0,0,0
24000046,44528464637117015,23,23,135661,0,0,0,73334,147456,0,0,0,0,0,0,0,0,0,0,0,0,0,0,0,0,0,0,0,0,0,0,0,0,0
24000047,15658712848595720,14,14,58177,0,0,0,45920,91648,0,0,0,0,0,0,0,0,0,0,0,0,0,0,0,0,0,0,0,0,0,0,0,0,0
24000048,18225419139758737,14,14,61100,0,0,0,60469,121344,0,0,0,0,0,0,0,0,0,0,0,0,0,0,0,0,0,0,0,0,0,0,0,0,0
24000049,57559923699364472,22,22,137271,0,0,0,73131,146432,0,0,0,0,0,0,0,0,0,110617,0,0,22624,0,29805,0,0,0,0,0,0,0,0,0,6
24000050,80624043356381946,14,14,101866,0,0,0,19792,39936,0,0,0,0,0,0,0,0,0,0,0,0,0,0,0,0,0,0,0,0,0,0,0,0,0
24000051,22938275698132253,19,19,81377,0,0,0,69036,138752,0,0,0,0,0,0,0,0,0,0,0,0,0,0,0,0,0,0,0,0,0,0,0,0,0
24000052,17248386380115821,23,23,63000,0,0,0,63342,126976,0,0,0,0,0,0,0,0,0,0,0,0,0,0,0,0,0,0,0,0,0,0,0,0,0
24000053,18191969495924624,19,19,58206,0,0,0,55916,112128,0,0,0,0,0,0,0,0,0,0,0,0,0,0,0,0,0,0,0,0,0,0,0,0,0
24000054,41701131380646533,14,14,111071,0,0,0,57619,115712,0,0,0,0,0,0,0,0,0,0,0,0,0,0,0,0,0,0,0,0,0,0,0,0,0
24000055,50657366996627198,14,14,130787,0,0,0,73302,147456,0,0,0,0,0,0,0,0,0,0,0,0,0,0,0,0,0,0,0,0,0,0,0,0,0
24000056,81064362656744697,14,14,102316,0,0,0,18159,36352,0,0,0,0,0,0,0,0,0,0,0,0,0,0,0,0,0,0,0,0,0,0,0,0,0
24000057,28664062961562814,14,14,82698,0,0,0,63168,126464,0,0,0,0,0,0,0,0,0,0,0,0,0,0,0,0,0,0,0,0,0,0,0,0,0
24000058,22219823075840882,27,27,72269,0,0,0,61297,123392,0,0,0,0,0,0,0,0,0,0,0,0,0,0,0,0,0,0,0,0,0,0,0,0,0
24000059,22608744039689849,14,14,81015,0,0,0,57799,116224,0,0,0,0,0,0,0,0,0,0,0,0,0,0,0,0,0,0,0,0,0,0,0,0,0
24000060,34141406610749363,15,15,59302,0,0,0,52956,106496,0,0,0,0,0,0,0,0,2,598629,0,0,17578,0,18039,54103,0,0,30533,0,15023,0,0,0,69
24000061,15541354651714885,14,14,56939,0,0,0,50904,102400,0,0,0,0,0,0,0,0,0,0,0,0,0,0,0,0,0,0,0,0,0,0,0,0,0
24000062,80372309414874463,14,14,99530,0,0,0,15312,30720,0,0,0,0,0,0,0,0,0,0,0,0,0,0,0,0,0,0,0,0,0,0,0,0,0
24000063,25391087711382973,415,415,71341,0,0,0,67782,135680,0,0,0,0,0,0,0,0,0,0,0,0,0,0,0,0,0,0,0,0,0,0,0,0,0
24000064,22481845175097289,23,23,61868,0,0,0,40617,81408,0,0,0,0,0,0,0,0,0,0,0,0,0,0,0,0,0,0,0,0,0,0,0,0,0
24000065,23745181957138278,18,18,64310,0,0,0,66982,134144,0,0,0,0,0,0,0,0,0,0,0,0,0,0,0,0,0,0,0,0,0,0,0,0,0
24000066,26121451744466921,14,14,69003,0,0,0,58573,116736,0,0,0,0,0,0,0,0,0,0,0,0,0,0,0,0,0,0,0,0,0,0,0,0,0
24000067,25122260906329932,15,15,60634,0,0,0,58980,118784,0,0,0,0,0,0,0,0,2,48940,0,0,17578,0,18039,54103,0,0,30533,0,15023,0,0,0,6
24000068,78774420211226860,19,19,113798,0,0,0,33726,68096,0,0,0,0,0,0,0,0,2,0,0,0,0,0,0,54103,0,0,30533,0,15023,0,0,0,4
24000069,93481289667349208,101,101,120218,0,0,0,66895,134144,0,0,0,0,0,0,0,0,2,1019466,0,0,52734,0,54117,54103,0,0,30533,0,15023,0,0,0,109
24000070,79020781349409632,15,15,115260,0,0,0,40647,81408,0,0,0,0,0,0,0,0,2,0,0,0,0,0,0,54103,0,0,30533,0,15023,0,0,0,4
24000071,2317885703323308,14,14,9152,0,0,0,10191,20480,0,0,0,0,0,0,0,0,0,0,0,0,0,0,0,0,0,0,0,0,0,0,0,0,0
24000072,80071156599239736,33,33,123904,0,0,0,65968,132096,0,0,0,0,0,0,0,0,0,0,0,0,0,0,0,0,0,0,0,0,0,0,0,0,0
24000073,78286259782627367,14,14,112010,0,0,0,33556,67584,0,0,0,0,0,0,0,0,0,0,0,0,0,0,0,0,0,0,0,0,0,0,0,0,0
24000074,102196026610545884,21,21,115505,0,0,0,58363,117248,0,0,0,0,0,0,0,0,4,1197438,0,0,35156,0,36078,108206,0,0,61066,0,30046,0,0,0,138
24000075,13538886816410540,20,20,47349,0,0,0,34650,69632,0,0,0,0,0,0,0,0,0,0,0,0,0,0,0,0,0,0,0,0,0,0,0,0,0
24000076,32418086088787379,30,30,101066,0,0,0,51624,103424,0,0,0,0,0,0,0,0,0,0,0,0,0,0,0,0,0,0,0,0,0,0,0,0,0
24000077,11170952354119538,14,14,42305,0,0,0,39971,80384,0,0,0,0,0,0,0,0,0,0,0,0,0,0,0,0,0,0,0,0,0,0,0,0,0
24000078,4290702096470519,14,14,14931,0,0,0,27042,54272,0,0,0,0,0,0,0,0,0,0,0,0,0,0,0,0,0,0,0,0,0,0,0,0,0
24000079,26796642336049734,20,20,85771,0,0,0,90560,181760,0,0,0,0,0,0,0,0,0,83407,0,0,22624,0,29805,0,0,0,0,0,0,0,0,0,4
24000080,80256007840773635,14,14,102425,0,0,0,19451,38912,0,0,0,0,0,0,0,0,0,0,0,0,0,0,0,0,0,0,0,0,0,0,0,0,0
24000081,70759606291986391,25,25,122082,0,0,0,67752,135680,0,0,0,0,0,0,0,0,0,82670,0,0,22624,0,29805,0,0,0,0,0,0,0,0,0,5
24000082,75132823641964287,14,14,103844,0,0,0,29921,59904,0,0,0,0,0,0,0,0,0,0,0,0,0,0,0,0,0,0,0,0,0,0,0,0,0
24000083,77590984196801201,14,14,113003,0,0,0,36277,73216,0,0,0,0,0,0,0,0,0,0,0,0,0,0,0,0,0,0,0,0,0,0,0,0,0
24000084,75302283753018116,14,14,108952,0,0,0,27384,55296,0,0,0,0,0,0,0,0,0,0,0,0,0,0,0,0,0,0,0,0,0,0,0,0,0
24000085,39851993886618074,23,23,112038,0,0,0,76250,153600,0,0,0,0,0,0,0,0,0,0,0,0,0,0,0,0,0,0,0,0,0,0,0,0,0
24000086,93680243840538886,19,19,109403,0,0,0,45750,91648,0,0,0,0,0,0,0,0,2,668882,0,0,40202,0,47844,54103,0,0,30533,0,15023,0,0,0,70
24000087,24326918015090882,14,14,60816,0,0,0,31753,63488,0,0,0,0,0,0,0,0,0,0,0,0,0,0,0,0,0,0,0,0,0,0,0,0,0
24000088,166829685936646784,40,40,87696,0,0,0,72195,144384,0,0,0,0,0,0,0,0,14,4198534,0,0,123046,0,126273,378721,0,0,213731,0,105161,0,0,0,483
24000089,13876079680503619,14,14,52123,0,0,0,28214,56320,0,0,0,0,0,0,0,0,0,0,0,0,0,0,0,0,0,0,0,0,0,0,0,0,0
24000090,20451140196991660,14,14,56443,0,0,0,36134,72192,0,0,0,0,0,0,0,0,0,0,0,0,0,0,0,0,0,0,0,0,0,0,0,0,0
24000091,56814791001536633,19,19,96855,0,0,0,52460,105472,0,0,0,0,0,0,0,0,0,0,0,0,0,0,0,0,0,0,0,0,0,0,0,0,0
24000092,71286192876309301,18,18,121271,0,0,0,51771,103936,0,0,0,0,0,0,0,0,0,73545,0,0,22624,0,29805,0,0,0,0,0,0,0,0,0,2
24000093,78128704224022023,14,14,143028,0,0,0,43336,87040,0,0,0,0,0,0,0,0,0,0,0,0,0,0,0,0,0,0,0,0,0,0,0,0,0
24000094,9921597751336278,23,23,38077,0,0,0,29527,59392,0,0,0,0,0,0,0,0,0,0,0,0,0,0,0,0,0,0,0,0,0,0,0,0,0
24000095,22721456641481258,18,18,75942,0,0,0,58131,116736,0,0,0,0,0,0,0,0,0,0,0,0,0,0,0,0,0,0,0,0,0,0,0,0,0
24000096,11767593120527598,14,14,43228,0,0,0,39713,79872,0,0,0,0,0,0,0,0,0,0,0,0,0,0,0,0,0,0,0,0,0,0,0,0,0
24000097,68759874349309993,14,14,114781,0,0,0,48305,96768,0,0,0,0,0,0,0,0,0,0,0,0,0,0,0,0,0,0,0,0,0,0,0,0,0
24000098,64161572171508234,15,15,115060,0,0,0,51633,103424,0,0,0,0,0,0,0,0,2,602483,0,0,17578,0,18039,54103,0,0,30533,0,15023,0,0,0,69
24000099,12724146428762079,14,14,45360,0,0,0,39892,80384,0,0,0,0,0,0,0,0,0,0,0,0,0,0,0,0,0,0,0,0,0,0,0,0,0
24000100,60470101102271786,34,34,113389,0,0,0,46027,92160,0,0,0,0,0,0,0,0,0,0,0,0,0,0,0,0,0,0,0,0,0,0,0,0,0
24000101,29320170245560700,18,18,59306,0,0,0,43599,87552,0,0,0,0,0,0,0,0,0,0,0,0,0,0,0,0,0,0,0,0,0,0,0,0,0
24000102,62838893143068836,15,15,92493,0,0,0,44094,88576,0,0,0,0,0,0,0,0,2,218425,0,0,17578,0,18039,54103,0,0,30533,0,15023,0,0,0,25
24000103,42916774573271884,21,21,71489,0,0,0,52554,104960,0,0,0,0,0,0,0,0,14,648728,0,0,35156,0,36078,378721,0,0,213731,0,105161,0,0,0,95
24000104,19140148096537613,51,51,58626,0,0,0,39291,78848,0,0,0,0,0,0,0,0,0,418065,0,0,35156,0,36078,0,0,0,0,0,0,0,0,0,40
24000105,19438419286081827,58,58,58869,0,0,0,45337,91648,0,0,0,0,0,0,0,0,0,439118,0,0,35156,0,36078,0,0,0,0,0,0,0,0,0,42
24000106,68664034307821038,24,24,91878,0,0,0,45903,92160,0,0,0,0,0,0,0,0,2,602135,0,0,17578,0,18039,54103,0,0,30533,0,15023,0,0,0,69
24000107,74841280365392393,15,15,128732,0,0,0,66020,132096,0,0,0,0,0,0,0,0,2,0,0,0,0,0,0,54103,0,0,30533,0,15023,0,0,0,4
24000108,11966340292837966,14,14,40738,0,0,0,39549,79360,0,0,0,0,0,0,0,0,0,0,0,0,0,0,0,0,0,0,0,0,0,0,0,0,0
24000109,2447169458718825,14,14,9032,0,0,0,9901,19968,0,0,0,0,0,0,0,0,0,0,0,0,0,0,0,0,0,0,0,0,0,0,0,0,0
24000110,77850435609958072,22,22,135335,0,0,0,52988,106496,0,0,0,0,0,0,0,0,0,0,0,0,0,0,0,0,0,0,0,0,0,0,0,0,0
24000111,43056781970370527,19,19,87042,0,0,0,56880,113664,0,0,0,0,0,0,0,0,0,0,0,0,0,0,0,0,0,0,0,0,0,0,0,0,0
24000112,18802763618182757,14,14,63353,0,0,0,46122,92672,0,0,0,0,0,0,0,0,0,0,0,0,0,0,0,0,0,0,0,0,0,0,0,0,0
24000113,82934858104752837,47,47,112353,0,0,0,51422,103424,0,0,0,0,0,0,0,0,2,679250,0,0,35156,0,36078,54103,0,0,30533,0,15023,0,0,0,74
24000114,16108573175164248,19,19,58890,0,0,0,40732,82432,0,0,0,0,0,0,0,0,0,0,0,0,0,0,0,0,0,0,0,0,0,0,0,0,0
24000115,31547818254314251,18,18,79641,0,0,0,48850,97792,0,0,0,0,0,0,0,0,0,74304,0,0,22624,0,29805,0,0,0,0,0,0,0,0,0,2
24000116,4623878732790020,14,14,17316,0,0,0,20989,42496,0,0,0,0,0,0,0,0,0,0,0,0,0,0,0,0,0,0,0,0,0,0,0,0,0
24000117,27194233700374833,14,14,75340,0,0,0,59711,119808,0,0,0,0,0,0,0,0,0,117756,0,0,22624,0,29805,0,0,0,0,0,0,0,0,0,7
24000118,29648313152998816,267,267,83327,0,0,0,40629,81408,0,0,0,0,0,0,0,0,6,0,0,0,0,0,0,162309,0,0,91599,0,45069,0,0,0,12
24000119,18299923705623626,18,18,64650,0,0,0,58357,117248,0,0,0,0,0,0,0,0,0,0,0,0,0,0,0,0,0,0,0,0,0,0,0,0,0
24000120,43050385366579294,25,25,69283,0,0,0,61162,122368,0,0,0,0,0,0,0,0,2,677129,0,0,40202,0,47844,54103,0,0,30533,0,15023,0,0,0,71
24000121,25079465933911378,18,18,67557,0,0,0,78875,158720,0,0,0,0,0,0,0,0,0,0,0,0,0,0,0,0,0,0,0,0,0,0,0,0,0
24000122,22063476117965344,14,14,72724,0,0,0,69037,138752,0,0,0,0,0,0,0,0,0,0,0,0,0,0,0,0,0,0,0,0,0,0,0,0,0
24000123,18539208285841128,15,15,62120,0,0,0,83772,168960,0,0,0,0,0,0,0,0,2,0,0,0,0,0,0,54103,0,0,30533,0,15023,0,0,0,4
24000124,21043911490776128,20,20,74121,0,0,0,70557,141312,0,0,0,0,0,0,0,0,0,0,0,0,0,0,0,0,0,0,0,0,0,0,0,0,0
24000125,24154027248389837,23,23,83582,0,0,0,59610,119808,0,0,0,0,0,0,0,0,0,0,0,0,0,0,0,0,0,0,0,0,0,0,0,0,0
24000126,17197859717437217,14,14,60475,0,0,0,52433,105472,0,0,0,0,0,0,0,0,0,0,0,0,0,0,0,0,0,0,0,0,0,0,0,0,0
24000127,24256013131280483,23,23,79322,0,0,0,57069,114688,0,0,0,0,0,0,0,0,0,0,0,0,0,0,0,0,0,0,0,0,0,0,0,0,0
24000128,20280199354399212,51,51,62883,0,0,0,60359,121344,0,0,0,0,0,0,0,0,0,202466,0,0,17578,0,18039,0,0,0,0,0,0,0,0,0,19
24000129,27955360301375041,23,23,88580,0,0,0,110279,221184,0,0,0,0,0,0,0,0,0,0,0,0,0,0,0,0,0,0,0,0,0,0,0,0,0
24000130,22849062307373306,60,60,75840,0,0,0,49466,99328,0,0,0,0,0,0,0,0,0,199418,0,0,17578,0,18039,0,0,0,0,0,0,0,0,0,19
24000131,22228073003227901,14,14,76538,0,0,0,72262,145408,0,0,0,0,0,0,0,0,0,0,0,0,0,0,0,0,0,0,0,0,0,0,0,0,0
24000132,26397596197724909,14,14,64889,0,0,0,48947,97792,0,0,0,0,0,0,0,0,0,100914,0,0,22624,0,29805,0,0,0,0,0,0,0,0,0,5
24000133,120238239182949916,19,19,84982,0,0,0,96065,192512,0,0,0,0,0,0,0,0,10,3044769,0,0,105468,0,108234,270515,0,0,152665,0,75115,0,0,0,347
24000134,21799799551884617,28,28,66013,0,0,0,48412,97280,0,0,0,0,0,0,0,0,0,0,0,0,0,0,0,0,0,0,0,0,0,0,0,0,0
24000135,17742325326138533,14,14,62965,0,0,0,50365,100864,0,0,0,0,0,0,0,0,0,0,0,0,0,0,0,0,0,0,0,0,0,0,0,0,0
24000136,21796673635991774,28,28,77749,0,0,0,55987,112640,0,0,0,0,0,0,0,0,0,0,0,0,0,0,0,0,0,0,0,0,0,0,0,0,0
24000137,39544679567798591,19,19,100793,0,0,0,54730,110080,0,0,0,0,0,0,0,0,0,101038,0,0,22624,0,29805,0,0,0,0,0,0,0,0,0,5
24000138,22922440270267469,23,23,79176,0,0,0,47636,95744,0,0,0,0,0,0,0,0,0,0,0,0,0,0,0,0,0,0,0,0,0,0,0,0,0
24000139,23863595921072754,14,14,82740,0,0,0,50326,100864,0,0,0,0,0,0,0,0,0,0,0,0,0,0,0,0,0,0,0,0,0,0,0,0,0
24000140,26719545621916871,23,23,86022,0,0,0,65283,131072,0,0,0,0,0,0,0,0,0,0,0,0,0,0,0,0,0,0,0,0,0,0,0,0,0
24000141,28606704158361437,14,14,94768,0,0,0,78066,156672,0,0,0,0,0,0,0,0,0,48798,0,0,17578,0,18039,0,0,0,0,0,0,0,0,0,2
24000142,66859898963921894,30,30,164894,0,0,0,59009,118784,0,0,0,0,0,0,0,0,0,0,0,0,0,0,0,0,0,0,0,0,0,0,0,0,0
24000143,13848922096927767,18,18,48435,0,0,0,44325,89088,0,0,0,0,0,0,0,0,0,0,0,0,0,0,0,0,0,0,0,0,0,0,0,0,0
24000144,14518221829492277,20,20,52274,0,0,0,40550,80896,0,0,0,0,0,0,0,0,0,0,0,0,0,0,0,0,0,0,0,0,0,0,0,0,0
24000145,44046515696734493,14,14,108241,0,0,0,58690,118272,0,0,0,0,0,0,0,0,0,0,0,0,0,0,0,0,0,0,0,0,0,0,0,0,0
24000146,2360915289627385,14,14,8759,0,0,0,12984,26112,0,0,0,0,0,0,0,0,0,0,0,0,0,0,0,0,0,0,0,0,0,0,0,0,0
24000147,58032916485250923,55,55,152807,0,0,0,58770,117760,0,0,0,0,0,0,0,0,0,314012,0,0,57780,0,65883,0,0,0,0,0,0,0,0,0,22
24000148,30967237367015642,34,34,72499,0,0,0,55679,112128,0,0,0,0,0,0,0,0,0,0,0,0,0,0,0,0,0,0,0,0,0,0,0,0,0
24000149,33072312751889975,14,14,77433,0,0,0,38375,77312,0,0,0,0,0,0,0,0,0,0,0,0,0,0,0,0,0,0,0,0,0,0,0,0,0
24000150,24365212271360619,14,14,80011,0,0,0,45589,91648,0,0,0,0,0,0,0,0,0,0,0,0,0,0,0,0,0,0,0,0,0,0,0,0,0
24000151,35211684646575865,18,18,91755,0,0,0,56051,112640,0,0,0,0,0,0,0,0,0,75229,0,0,17578,0,18039,0,0,0,0,0,0,0,0,0,5
24000152,33606002096119128,14,14,88914,0,0,0,64689,129536,0,0,0,0,0,0,0,0,0,0,0,0,0,0,0,0,0,0,0,0,0,0,0,0,0
24000153,42308193000945801,14,14,109637,0,0,0,52023,104448,0,0,0,0,0,0,0,0,0,0,0,0,0,0,0,0,0,0,0,0,0,0,0,0,0
24000154,14480212203382530,34,34,51169,0,0,0,41535,82944,0,0,0,0,0,0,0,0,0,0,0,0,0,0,0,0,0,0,0,0,0,0,0,0,0
24000155,40232380240000991,14,14,96451,0,0,0,51847,103936,0,0,0,0,0,0,0,0,0,0,0,0,0,0,0,0,0,0,0,0,0,0,0,0,0
24000156,25299178756920035,18,18,67783,0,0,0,49586,99840,0,0,0,0,0,0,0,0,0,0,0,0,0,0,0,0,0,0,0,0,0,0,0,0,0
24000157,13336109613949713,14,14,49772,0,0,0,40549,81408,0,0,0,0,0,0,0,0,0,0,0,0,0,0,0,0,0,0,0,0,0,0,0,0,0
24000158,80855848645023413,14,14,98290,0,0,0,18555,37376,0,0,0,0,0,0,0,0,0,0,0,0,0,0,0,0,0,0,0,0,0,0,0,0,0
24000159,25602707372900508,20,20,72201,0,0,0,51681,103936,0,0,0,0,0,0,0,0,0,0,0,0,0,0,0,0,0,0,0,0,0,0,0,0,0
24000160,78996398837771580,14,14,115322,0,0,0,32536,65024,0,0,0,0,0,0,0,0,0,0,0,0,0,0,0,0,0,0,0,0,0,0,0,0,0
24000161,77436279099342091,51,51,107489,0,0,0,33334,67072,0,0,0,0,0,0,0,0,0,202281,0,0,17578,0,18039,0,0,0,0,0,0,0,0,0,19
24000162,72290940537264894,15,15,108790,0,0,0,42262,84992,0,0,0,0,0,0,0,0,2,0,0,0,0,0,0,54103,0,0,30533,0,15023,0,0,0,4
24000163,74614489823074489,23,23,108706,0,0,0,33454,67072,0,0,0,0,0,0,0,0,0,0,0,0,0,0,0,0,0,0,0,0,0,0,0,0,0
24000164,78396188097211077,22,22,113022,0,0,0,43642,88064,0,0,0,0,0,0,0,0,2,0,0,0,0,0,0,54103,0,0,30533,0,15023,0,0,0,4
24000165,76271037311200131,14,14,107412,0,0,0,32923,66048,0,0,0,0,0,0,0,0,0,0,0,0,0,0,0,0,0,0,0,0,0,0,0,0,0
24000166,79340352470661806,14,14,109234,0,0,0,33590,67584,0,0,0,0,0,0,0,0,0,0,0,0,0,0,0,0,0,0,0,0,0,0,0,0,0
24000167,62928224523171390,30,30,92251,0,0,0,34745,70144,0,0,0,0,0,0,0,0,0,0,0,0,0,0,0,0,0,0,0,0,0,0,0,0,0
24000168,76624659734489762,14,14,111644,0,0,0,36825,73728,0,0,0,0,0,0,0,0,0,0,0,0,0,0,0,0,0,0,0,0,0,0,0,0,0
24000169,42382000728372710,25,25,72783,0,0,0,26912,53760,0,0,0,0,0,0,0,0,0,0,0,0,0,0,0,0,0,0,0,0,0,0,0,0,0
24000170,76977090429917349,14,14,119958,0,0,0,46994,95232,0,0,0,0,0,0,0,0,0,0,0,0,0,0,0,0,0,0,0,0,0,0,0,0,0
24000171,2051406219432194,14,14,7977,0,0,0,10485,20992,0,0,0,0,0,0,0,0,0,0,0,0,0,0,0,0,0,0,0,0,0,0,0,0,0
24000172,79160809177040556,64,64,136239,0,0,0,68153,137216,0,0,0,0,0,0,0,0,0,251622,0,0,35156,0,36078,0,0,0,0,0,0,0,0,0,21
24000173,67220562820090774,23,23,98049,0,0,0,41916,84480,0,0,0,0,0,0,0,0,4,0,0,0,0,0,0,108206,0,0,61066,0,30046,0,0,0,8
24000174,10936117508087650,62,62,34427,0,0,0,29173,58368,0,0,0,0,0,0,0,0,0,200934,0,0,17578,0,18039,0,0,0,0,0,0,0,0,0,19
24000175,73443920587562830,18,18,109542,0,0,0,46330,92672,0,0,0,0,0,0,0,0,0,0,0,0,0,0,0,0,0,0,0,0,0,0,0,0,0
24000176,4999936736957475,14,14,17722,0,0,0,15312,30720,0,0,0,0,0,0,0,0,0,0,0,0,0,0,0,0,0,0,0,0,0,0,0,0,0
24000177,58586629494450724,18,18,104425,0,0,0,64827,129536,0,0,0,0,0,0,0,0,0,0,0,0,0,0,0,0,0,0,0,0,0,0,0,0,0
24000178,69719484906967806,23,23,102755,0,0,0,41878,83456,0,0,0,0,0,0,0,0,0,0,0,0,0,0,0,0,0,0,0,0,0,0,0,0,0
24000179,16647772485445210,56,56,54105,0,0,0,29227,58368,0,0,0,0,0,0,0,0,0,202302,0,0,17578,0,18039,0,0,0,0,0,0,0,0,0,19
24000180,34326902976583257,66,66,71706,0,0,0,53310,107520,0,0,0,0,0,0,0,0,12,0,0,0,0,0,0,324618,0,0,183198,0,90138,0,0,0,24
24000181,15345585701886120,19,19,52874,0,0,0,34717,69632,0,0,0,0,0,0,0,0,0,0,0,0,0,0,0,0,0,0,0,0,0,0,0,0,0
24000182,38107119528085695,52,52,66920,0,0,0,45814,91648,0,0,0,0,0,0,0,0,2,200850,0,0,17578,0,18039,54103,0,0,30533,0,15023,0,0,0,23
24000183,71513739479517805,19,19,114580,0,0,0,49824,99840,0,0,0,0,0,0,0,0,0,0,0,0,0,0,0,0,0,0,0,0,0,0,0,0,0
24000184,13457554874468150,24,24,43756,0,0,0,42156,84992,0,0,0,0,0,0,0,0,2,0,0,0,0,0,0,54103,0,0,30533,0,15023,0,0,0,4
24000185,43794007631540026,20,20,73923,0,0,0,40027,79872,0,0,0,0,0,0,0,0,0,0,0,0,0,0,0,0,0,0,0,0,0,0,0,0,0
24000186,72514702563398767,18,18,96628,0,0,0,30556,61440,0,0,0,0,0,0,0,0,0,0,0,0,0,0,0,0,0,0,0,0,0,0,0,0,0
24000187,17248984757341488,20,20,56974,0,0,0,35288,70656,0,0,0,0,0,0,0,0,0,0,0,0,0,0,0,0,0,0,0,0,0,0,0,0,0
24000188,14383911190618093,14,14,54350,0,0,0,33360,66560,0,0,0,0,0,0,0,0,0,0,0,0,0,0,0,0,0,0,0,0,0,0,0,0,0
24000189,45875503484948168,20,20,90394,0,0,0,46476,93696,0,0,0,0,0,0,0,0,4,0,0,0,0,0,0,108206,0,0,61066,0,30046,0,0,0,8
24000190,67228068403947166,78,78,106526,0,0,0,38630,77824,0,0,0,0,0,0,0,0,0,215615,0,0,17578,0,18039,0,0,0,0,0,0,0,0,0,21
24000191,10656962835236813,14,14,39772,0,0,0,33154,66560,0,0,0,0,0,0,0,0,0,0,0,0,0,0,0,0,0,0,0,0,0,0,0,0,0
24000192,76230573037616268,14,14,117721,0,0,0,51836,103936,0,0,0,0,0,0,0,0,0,0,0,0,0,0,0,0,0,0,0,0,0,0,0,0,0
24000193,8467765727239342,14,14,32153,0,0,0,27294,54784,0,0,0,0,0,0,0,0,0,0,0,0,0,0,0,0,0,0,0,0,0,0,0,0,0
24000194,32983816792084125,16,16,71891,0,0,0,47724,96256,0,0,0,0,0,0,0,0,4,0,0,0,0,0,0,108206,0,0,61066,0,30046,0,0,0,8
24000195,33979763850135452,20,20,72488,0,0,0,53183,107008,0,0,0,0,0,0,0,0,0,0,0,0,0,0,0,0,0,0,0,0,0,0,0,0,0
24000196,44546403262036585,30,30,78389,0,0,0,44070,88064,0,0,0,0,0,0,0,0,0,0,0,0,0,0,0,0,0,0,0,0,0,0,0,0,0
24000197,74606558445912393,14,14,122256,0,0,0,51900,103936,0,0,0,0,0,0,0,0,0,0,0,0,0,0,0,0,0,0,0,0,0,0,0,0,0
24000198,11835260912487662,30,30,45350,0,0,0,37162,74240,0,0,0,0,0,0,0,0,0,0,0,0,0,0,0,0,0,0,0,0,0,0,0,0,0
24000199,4029150039819564,14,14,15963,0,0,0,18403,36864,0,0,0,0,0,0,0,0,0,0,0,0,0,0,0,0,0,0,0,0,0,0,0,0,0
24000200,8693334142784407,16,16,28744,0,0,0,28281,56832,0,0,0,0,0,0,0,0,4,0,0,0,0,0,0,108206,0,0,61066,0,30046,0,0,0,8
24000201,44052186649375738,14,14,100796,0,0,0,74394,149504,0,0,0,0,0,0,0,0,0,0,0,0,0,0,0,0,0,0,0,0,0,0,0,0,0
24000202,69817730973592184,30,30,116554,0,0,0,49652,100352,0,0,0,0,0,0,0,0,0,0,0,0,0,0,0,0,0,0,0,0,0,0,0,0,0
24000203,22518522631070912,14,14,62582,0,0,0,40865,82432,0,0,0,0,0,0,0,0,0,0,0,0,0,0,0,0,0,0,0,0,0,0,0,0,0
24000204,18924640359362441,20,20,57989,0,0,0,52164,104960,0,0,0,0,0,0,0,0,0,0,0,0,0,0,0,0,0,0,0,0,0,0,0,0,0
24000205,82263865501751388,22,22,116599,0,0,0,70740,141824,0,0,0,0,0,0,0,0,16,0,0,0,0,0,0,432824,0,0,244264,0,120184,0,0,0,32
24000206,78196013946189551,14,14,104044,0,0,0,31900,64000,0,0,0,0,0,0,0,0,0,366816,0,0,90496,0,119220,0,0,0,0,0,0,0,0,0,16
24000207,18982983321100236,26,26,56493,0,0,0,44479,89088,0,0,0,0,0,0,0,0,0,75669,0,0,17578,0,18039,0,0,0,0,0,0,0,0,0,5
24000208,37649370425913864,23,23,72983,0,0,0,37850,76288,0,0,0,0,0,0,0,0,0,0,0,0,0,0,0,0,0,0,0,0,0,0,0,0,0
24000209,10435840154709802,14,14,37662,0,0,0,32767,66048,0,0,0,0,0,0,0,0,0,48498,0,0,17578,0,18039,0,0,0,0,0,0,0,0,0,2
24000210,49624504596186316,14,14,97738,0,0,0,51623,103424,0,0,0,0,0,0,0,0,0,0,0,0,0,0,0,0,0,0,0,0,0,0,0,0,0
24000211,9663931557527592,14,14,37036,0,0,0,31541,63488,0,0,0,0,0,0,0,0,0,0,0,0,0,0,0,0,0,0,0,0,0,0,0,0,0
24000212,33609515285558117,14,14,78791,0,0,0,58433,117248,0,0,0,0,0,0,0,0,0,0,0,0,0,0,0,0,0,0,0,0,0,0,0,0,0
24000213,14817380441945068,14,14,52681,0,0,0,49864,99840,0,0,0,0,0,0,0,0,0,0,0,0,0,0,0,0,0,0,0,0,0,0,0,0,0
24000214,14509453444139634,30,30,52235,0,0,0,45662,91648,0,0,0,0,0,0,0,0,0,0,0,0,0,0,0,0,0,0,0,0,0,0,0,0,0
24000215,13951052411894378,14,14,51471,0,0,0,45109,90624,0,0,0,0,0,0,0,0,0,0,0,0,0,0,0,0,0,0,0,0,0,0,0,0,0
24000216,30954853760920612,14,14,81296,0,0,0,49925,100864,0,0,0,0,0,0,0,0,0,64737,0,0,22624,0,29805,0,0,0,0,0,0,0,0,0,1
24000217,35152508725262687,22,22,85766,0,0,0,51240,103424,0,0,0,0,0,0,0,0,0,0,0,0,0,0,0,0,0,0,0,0,0,0,0,0,0
24000218,22395881300883957,18,18,44639,0,0,0,33966,68096,0,0,0,0,0,0,0,0,8,0,0,0,0,0,0,216412,0,0,122132,0,60092,0,0,0,16
24000219,21364790577926754,14,14,48398,0,0,0,27282,54784,0,0,0,0,0,0,0,0,0,0,0,0,0,0,0,0,0,0,0,0,0,0,0,0,0
24000220,26934236297021942,30,30,66281,0,0,0,50225,100864,0,0,0,0,0,0,0,0,0,0,0,0,0,0,0,0,0,0,0,0,0,0,0,0,0
24000221,17217392926430964,52,52,56114,0,0,0,46026,92160,0,0,0,0,0,0,0,0,2,201356,0,0,17578,0,18039,54103,0,0,30533,0,15023,0,0,0,23
24000222,19756379979716262,20,20,55640,0,0,0,50896,102400,0,0,0,0,0,0,0,0,12,0,0,0,0,0,0,324618,0,0,183198,0,90138,0,0,0,24
24000223,13897534072526768,59,59,43659,0,0,0,42729,86528,0,0,0,0,0,0,0,0,2,219500,0,0,17578,0,18039,54103,0,0,30533,0,15023,0,0,0,25
24000224,30397651348960638,14,14,76572,0,0,0,54171,109056,0,0,0,0,0,0,0,0,0,0,0,0,0,0,0,0,0,0,0,0,0,0,0,0,0
24000225,18002382524939370,14,14,64339,0,0,0,49134,98816,0,0,0,0,0,0,0,0,0,0,0,0,0,0,0,0,0,0,0,0,0,0,0,0,0
24000226,81706970872470775,18,18,105004,0,0,0,19975,39936,0,0,0,0,0,0,0,0,0,0,0,0,0,0,0,0,0,0,0,0,0,0,0,0,0
24000227,4333596392757417,14,14,15576,0,0,0,21347,43008,0,0,0,0,0,0,0,0,0,0,0,0,0,0,0,0,0,0,0,0,0,0,0,0,0
24000228,13159735201221557,14,14,43799,0,0,0,46423,92672,0,0,0,0,0,0,0,0,0,0,0,0,0,0,0,0,0,0,0,0,0,0,0,0,0
24000229,42435311165335857,19,19,111060,0,0,0,76386,153088,0,0,0,0,0,0,0,0,0,0,0,0,0,0,0,0,0,0,0,0,0,0,0,0,0
24000230,12357678396573064,14,14,44865,0,0,0,67102,134656,0,0,0,0,0,0,0,0,0,0,0,0,0,0,0,0,0,0,0,0,0,0,0,0,0
24000231,43422895102144054,24,24,107389,0,0,0,53837,107520,0,0,0,0,0,0,0,0,12,75553,0,0,17578,0,18039,324618,0,0,183198,0,90138,0,0,0,29
24000232,2633494642702979,14,14,9782,0,0,0,13778,27648,0,0,0,0,0,0,0,0,0,0,0,0,0,0,0,0,0,0,0,0,0,0,0,0,0
24000233,70348427463072556,22,22,186394,0,0,0,70478,142336,0,0,0,0,0,0,0,0,0,48778,0,0,17578,0,18039,0,0,0,0,0,0,0,0,0,2
24000234,79890015454503070,19,19,120174,0,0,0,38425,77312,0,0,0,0,0,0,0,0,0,0,0,0,0,0,0,0,0,0,0,0,0,0,0,0,0
24000235,77701526801649847,14,14,111276,0,0,0,42312,84992,0,0,0,0,0,0,0,0,0,0,0,0,0,0,0,0,0,0,0,0,0,0,0,0,0
24000236,78184668354593140,14,14,108021,0,0,0,40255,80896,0,0,0,0,0,0,0,0,0,0,0,0,0,0,0,0,0,0,0,0,0,0,0,0,0
24000237,65040277573978237,14,14,101224,0,0,0,38368,76800,0,0,0,0,0,0,0,0,0,0,0,0,0,0,0,0,0,0,0,0,0,0,0,0,0
24000238,77090197431974767,14,14,104934,0,0,0,27899,55808,0,0,0,0,0,0,0,0,0,0,0,0,0,0,0,0,0,0,0,0,0,0,0,0,0
24000239,67231480705061832,14,14,110657,0,0,0,31834,64000,0,0,0,0,0,0,0,0,0,0,0,0,0,0,0,0,0,0,0,0,0,0,0,0,0
24000240,33728574497511239,27,27,67752,0,0,0,40205,80384,0,0,0,0,0,0,0,0,0,73827,0,0,22624,0,29805,0,0,0,0,0,0,0,0,0,2
24000241,25147066779951718,17,17,58083,0,0,0,37638,75264,0,0,0,0,0,0,0,0,2,49230,0,0,17578,0,18039,54103,0,0,30533,0,15023,0,0,0,6
24000242,13635167992362725,19,19,49221,0,0,0,53447,107520,0,0,0,0,0,0,0,0,0,0,0,0,0,0,0,0,0,0,0,0,0,0,0,0,0
24000243,28354089080834827,14,14,68320,0,0,0,41844,83456,0,0,0,0,0,0,0,0,0,0,0,0,0,0,0,0,0,0,0,0,0,0,0,0,0
24000244,11125962004460694,35,35,32181,0,0,0,33718,67584,0,0,0,0,0,0,0,0,0,0,0,0,0,0,0,0,0,0,0,0,0,0,0,0,0
24000245,77310905732939589,14,14,122086,0,0,0,69731,140288,0,0,0,0,0,0,0,0,0,0,0,0,0,0,0,0,0,0,0,0,0,0,0,0,0
24000246,25860342458252462,14,14,66343,0,0,0,34723,69632,0,0,0,0,0,0,0,0,0,0,0,0,0,0,0,0,0,0,0,0,0,0,0,0,0
24000247,19619173629372365,178,178,67853,0,0,0,46023,92160,0,0,0,0,0,0,0,0,0,0,0,0,0,0,0,0,0,0,0,0,0,0,0,0,0
24000248,20050929156728613,24,24,66203,0,0,0,61347,123392,0,0,0,0,0,0,0,0,0,0,0,0,0,0,0,0,0,0,0,0,0,0,0,0,0
24000249,26328428510163434,14,14,67017,0,0,0,39803,79872,0,0,0,0,0,0,0,0,0,0,0,0,0,0,0,0,0,0,0,0,0,0,0,0,0
24000250,42727612813537677,24,24,85801,0,0,0,52153,104448,0,0,0,0,0,0,0,0,2,595967,0,0,17578,0,18039,54103,0,0,30533,0,15023,0,0,0,69
24000251,10228914461694855,14,14,37678,0,0,0,33207,66560,0,0,0,0,0,0,0,0,0,0,0,0,0,0,0,0,0,0,0,0,0,0,0,0,0
24000252,29603496122973643,14,14,67629,0,0,0,48233,96768,0,0,0,0,0,0,0,0,0,0,0,0,0,0,0,0,0,0,0,0,0,0,0,0,0
24000253,28202939345012653,19,19,70312,0,0,0,41467,82944,0,0,0,0,0,0,0,0,0,0,0,0,0,0,0,0,0,0,0,0,0,0,0,0,0
24000254,37006267454776575,19,19,91936,0,0,0,46983,93696,0,0,0,0,0,0,0,0,0,0,0,0,0,0,0,0,0,0,0,0,0,0,0,0,0
24000255,68537800172831490,20,20,86373,0,0,0,65102,130560,0,0,0,0,0,0,0,0,4,1198351,0,0,35156,0,36078,108206,0,0,61066,0,30046,0,0,0,138
24000256,32813559376674282,29,29,77912,0,0,0,33623,67072,0,0,0,0,0,0,0,0,12,0,0,0,0,0,0,324618,0,0,183198,0,90138,0,0,0,24
24000257,27412320723260065,16,16,71447,0,0,0,57791,116224,0,0,0,0,0,0,0,0,0,0,0,0,0,0,0,0,0,0,0,0,0,0,0,0,0
24000258,5949554203740370,14,14,20970,0,0,0,26094,52224,0,0,0,0,0,0,0,0,0,0,0,0,0,0,0,0,0,0,0,0,0,0,0,0,0
24000259,38131184916218914,14,14,106893,0,0,0,53911,108544,0,0,0,0,0,0,0,0,0,0,0,0,0,0,0,0,0,0,0,0,0,0,0,0,0
24000260,32254631993125202,59,59,80619,0,0,0,54825,110080,0,0,0,0,0,0,0,0,0,199940,0,0,17578,0,18039,0,0,0,0,0,0,0,0,0,19
24000261,42491200613913158,14,14,116573,0,0,0,61686,123904,0,0,0,0,0,0,0,0,0,48178,0,0,17578,0,18039,0,0,0,0,0,0,0,0,0,2
24000262,80707951944248073,60,60,118166,0,0,0,43627,87552,0,0,0,0,0,0,0,0,0,202390,0,0,17578,0,18039,0,0,0,0,0,0,0,0,0,19
24000263,8407465290971715,14,14,31140,0,0,0,25011,50688,0,0,0,0,0,0,0,0,0,0,0,0,0,0,0,0,0,0,0,0,0,0,0,0,0
24000264,49040605334043191,15,15,78654,0,0,0,57843,116224,0,0,0,0,0,0,0,0,2,597999,0,0,17578,0,18039,54103,0,0,30533,0,15023,0,0,0,69
24000265,19361457528688488,14,14,69419,0,0,0,40330,80896,0,0,0,0,0,0,0,0,0,0,0,0,0,0,0,0,0,0,0,0,0,0,0,0,0
24000266,48852875291743760,15,15,81918,0,0,0,51380,102912,0,0,0,0,0,0,0,0,2,601531,0,0,17578,0,18039,54103,0,0,30533,0,15023,0,0,0,69
24000267,31533024928835597,51,51,70977,0,0,0,47709,95232,0,0,0,0,0,0,0,0,0,278588,0,0,35156,0,36078,0,0,0,0,0,0,0,0,0,24
24000268,47682828165147840,23,23,127367,0,0,0,59602,119808,0,0,0,0,0,0,0,0,0,0,0,0,0,0,0,0,0,0,0,0,0,0,0,0,0
24000269,26327203227325220,14,14,61754,0,0,0,50919,102912,0,0,0,0,0,0,0,0,0,367800,0,0,90496,0,119220,0,0,0,0,0,0,0,0,0,16
24000270,31992850548738865,51,51,100811,0,0,0,94846,190464,0,0,0,0,0,0,0,0,0,200879,0,0,17578,0,18039,0,0,0,0,0,0,0,0,0,19
24000271,79830922953335601,14,14,118357,0,0,0,32654,65024,0,0,0,0,0,0,0,0,0,0,0,0,0,0,0,0,0,0,0,0,0,0,0,0,0
24000272,76154810613868673,14,14,136442,0,0,0,73961,148480,0,0,0,0,0,0,0,0,0,0,0,0,0,0,0,0,0,0,0,0,0,0,0,0,0
24000273,80077145691435393,78,78,116152,0,0,0,40843,81920,0,0,0,0,0,0,0,0,0,0,0,0,0,0,0,0,0,0,0,0,0,0,0,0,0
24000274,79600493436650346,30,30,119328,0,0,0,41952,84480,0,0,0,0,0,0,0,0,0,0,0,0,0,0,0,0,0,0,0,0,0,0,0,0,0
24000275,5298161136288871,14,14,20406,0,0,0,18341,36864,0,0,0,0,0,0,0,0,0,0,0,0,0,0,0,0,0,0,0,0,0,0,0,0,0
24000276,39487783618398426,34,34,96384,0,0,0,64733,130048,0,0,0,0,0,0,0,0,0,0,0,0,0,0,0,0,0,0,0,0,0,0,0,0,0
24000277,78715033484570187,14,14,119159,0,0,0,35865,71680,0,0,0,0,0,0,0,0,0,0,0,0,0,0,0,0,0,0,0,0,0,0,0,0,0
24000278,46423005527091854,14,14,83678,0,0,0,40678,82432,0,0,0,0,0,0,0,0,0,0,0,0,0,0,0,0,0,0,0,0,0,0,0,0,0
24000279,86910946109590802,19,19,105670,0,0,0,40192,80896,0,0,0,0,0,0,0,0,2,649398,0,0,35156,0,36078,54103,0,0,30533,0,15023,0,0,0,71
24000280,35216512271975658,23,23,85178,0,0,0,37843,75776,0,0,0,0,0,0,0,0,0,0,0,0,0,0,0,0,0,0,0,0,0,0,0,0,0
24000281,81339265286264487,25,25,119524,0,0,0,44674,89600,0,0,0,0,0,0,0,0,10,0,0,0,0,0,0,270515,0,0,152665,0,75115,0,0,0,20
24000282,72635840291847336,20,20,103452,0,0,0,38706,77824,0,0,0,0,0,0,0,0,0,0,0,0,0,0,0,0,0,0,0,0,0,0,0,0,0
24000283,153831419333961515,26,26,92770,0,0,0,95325,192000,0,0,0,0,0,0,0,0,12,3601966,0,0,105468,0,108234,324618,0,0,183198,0,90138,0,0,0,414
24000284,6879601214021801,14,14,24640,0,0,0,18555,37376,0,0,0,0,0,0,0,0,0,0,0,0,0,0,0,0,0,0,0,0,0,0,0,0,0
24000285,83680962983828569,17,17,84536,0,0,0,63826,128000,0,0,0,0,0,0,0,0,6,1200003,0,0,35156,0,36078,162309,0,0,91599,0,45069,0,0,0,142
24000286,8734808241789351,23,23,31731,0,0,0,29436,59392,0,0,0,0,0,0,0,0,0,0,0,0,0,0,0,0,0,0,0,0,0,0,0,0,0
24000287,34786673732114344,14,14,81925,0,0,0,60670,121856,0,0,0,0,0,0,0,0,0,0,0,0,0,0,0,0,0,0,0,0,0,0,0,0,0
24000288,63264504648472495,14,14,112214,0,0,0,49268,98816,0,0,0,0,0,0,0,0,0,0,0,0,0,0,0,0,0,0,0,0,0,0,0,0,0
24000289,4879225893461783,15,15,15564,0,0,0,16145,32256,0,0,0,0,0,0,0,0,2,0,0,0,0,0,0,54103,0,0,30533,0,15023,0,0,0,4
24000290,56789157693877320,51,51,112704,0,0,0,60451,121344,0,0,0,0,0,0,0,0,0,199401,0,0,17578,0,18039,0,0,0,0,0,0,0,0,0,19
24000291,22134533705883704,14,14,72216,0,0,0,42315,84992,0,0,0,0,0,0,0,0,0,0,0,0,0,0,0,0,0,0,0,0,0,0,0,0,0
24000292,76335679706667927,23,23,108809,0,0,0,48599,97792,0,0,0,0,0,0,0,0,0,64644,0,0,22624,0,29805,0,0,0,0,0,0,0,0,0,1
24000293,14821714735508037,14,14,47400,0,0,0,36082,72192,0,0,0,0,0,0,0,0,0,0,0,0,0,0,0,0,0,0,0,0,0,0,0,0,0
24000294,39948700906840902,14,14,78599,0,0,0,42782,86016,0,0,0,0,0,0,0,0,0,0,0,0,0,0,0,0,0,0,0,0,0,0,0,0,0
24000295,20308683249381963,24,24,53984,0,0,0,43486,87040,0,0,0,0,0,0,0,0,12,0,0,0,0,0,0,324618,0,0,183198,0,90138,0,0,0,24
24000296,52652286593871671,15,15,72822,0,0,0,47889,96768,0,0,0,0,0,0,0,0,2,601224,0,0,17578,0,18039,54103,0,0,30533,0,15023,0,0,0,69
24000297,40626039464207241,14,14,73833,0,0,0,43335,87040,0,0,0,0,0,0,0,0,0,0,0,0,0,0,0,0,0,0,0,0,0,0,0,0,0
24000298,18730756777513335,71,71,57364,0,0,0,49569,99328,0,0,0,0,0,0,0,0,0,216162,0,0,17578,0,18039,0,0,0,0,0,0,0,0,0,21
24000299,15399880747857399,14,14,54940,0,0,0,48614,97792,0,0,0,0,0,0,0,0,0,0,0,0,0,0,0,0,0,0,0,0,0,0,0,0,0
24000300,15176302733213467,14,14,53743,0,0,0,50928,102400,0,0,0,0,0,0,0,0,0,0,0,0,0,0,0,0,0,0,0,0,0,0,0,0,0
24000301,12912706511287838,14,14,46419,0,0,0,31454,62976,0,0,0,0,0,0,0,0,0,0,0,0,0,0,0,0,0,0,0,0,0,0,0,0,0
24000302,70435990978656369,24,24,86372,0,0,0,81061,162816,0,0,0,0,0,0,0,0,4,1203684,0,0,35156,0,36078,108206,0,0,61066,0,30046,0,0,0,138
24000303,14017258547643204,14,14,52354,0,0,0,46956,94208,0,0,0,0,0,0,0,0,0,0,0,0,0,0,0,0,0,0,0,0,0,0,0,0,0
24000304,19229507462858251,72,72,62618,0,0,0,48837,98304,0,0,0,0,0,0,0,0,0,218701,0,0,17578,0,18039,0,0,0,0,0,0,0,0,0,21
24000305,22849349161918026,18,18,69583,0,0,0,53514,107008,0,0,0,0,0,0,0,0,8,0,0,0,0,0,0,216412,0,0,122132,0,60092,0,0,0,16
24000306,33350568859146009,56,56,71976,0,0,0,60398,120832,0,0,0,0,0,0,0,0,10,199034,0,0,17578,0,18039,270515,0,0,152665,0,75115,0,0,0,39
24000307,35339489051403893,14,14,76232,0,0,0,53554,107520,0,0,0,0,0,0,0,0,0,0,0,0,0,0,0,0,0,0,0,0,0,0,0,0,0
24000308,6493244732891491,14,14,24776,0,0,0,23962,48128,0,0,0,0,0,0,0,0,0,0,0,0,0,0,0,0,0,0,0,0,0,0,0,0,0
24000309,39321763957453202,51,51,102869,0,0,0,67463,135680,0,0,0,0,0,0,0,0,0,201487,0,0,17578,0,18039,0,0,0,0,0,0,0,0,0,19
24000310,36218379918618839,14,14,98745,0,0,0,52109,104448,0,0,0,0,0,0,0,0,0,0,0,0,0,0,0,0,0,0,0,0,0,0,0,0,0
24000311,16627050155097839,14,14,62625,0,0,0,45245,90624,0,0,0,0,0,0,0,0,0,0,0,0,0,0,0,0,0,0,0,0,0,0,0,0,0
24000312,48149181044511407,24,24,77552,0,0,0,75771,152064,0,0,0,0,0,0,0,0,2,603521,0,0,17578,0,18039,54103,0,0,30533,0,15023,0,0,0,69
24000313,28769932190338135,14,14,74456,0,0,0,51101,102400,0,0,0,0,0,0,0,0,0,0,0,0,0,0,0,0,0,0,0,0,0,0,0,0,0
24000314,30628018561826228,14,14,81312,0,0,0,59765,119808,0,0,0,0,0,0,0,0,0,47796,0,0,17578,0,18039,0,0,0,0,0,0,0,0,0,2
24000315,18687260664816564,14,14,68627,0,0,0,62641,126464,0,0,0,0,0,0,0,0,0,0,0,0,0,0,0,0,0,0,0,0,0,0,0,0,0
24000316,63405301213341681,15,15,121524,0,0,0,74413,150016,0,0,0,0,0,0,0,0,2,604356,0,0,17578,0,18039,54103,0,0,30533,0,15023,0,0,0,69
24000317,24997375473350566,27,27,59842,0,0,0,45651,92160,0,0,0,0,0,0,0,0,0,0,0,0,0,0,0,0,0,0,0,0,0,0,0,0,0
24000318,22287901064264509,14,14,74475,0,0,0,45681,91648,0,0,0,0,0,0,0,0,0,0,0,0,0,0,0,0,0,0,0,0,0,0,0,0,0
24000319,33218067245727321,14,14,88165,0,0,0,54315,109056,0,0,0,0,0,0,0,0,0,0,0,0,0,0,0,0,0,0,0,0,0,0,0,0,0
24000320,33097990998376176,14,14,107847,0,0,0,67522,135168,0,0,0,0,0,0,0,0,0,0,0,0,0,0,0,0,0,0,0,0,0,0,0,0,0
24000321,16647832925293714,18,18,58612,0,0,0,41926,83968,0,0,0,0,0,0,0,0,0,0,0,0,0,0,0,0,0,0,0,0,0,0,0,0,0
24000322,56686682393117774,41,41,137540,0,0,0,45578,92160,0,0,0,0,0,0,0,0,0,83292,0,0,22624,0,29805,0,0,0,0,0,0,0,0,0,5
24000323,5921139204628638,14,14,22774,0,0,0,29671,59392,0,0,0,0,0,0,0,0,0,0,0,0,0,0,0,0,0,0,0,0,0,0,0,0,0
24000324,55259819622842713,48,48,142060,0,0,0,61299,123392,0,0,0,0,0,0,0,0,0,82907,0,0,22624,0,29805,0,0,0,0,0,0,0,0,0,5
24000325,38015190039961384,14,14,99859,0,0,0,58332,117248,0,0,0,0,0,0,0,0,0,75100,0,0,17578,0,18039,0,0,0,0,0,0,0,0,0,5
24000326,35281976305420322,35,35,86110,0,0,0,47434,95232,0,0,0,0,0,0,0,0,0,157997,0,0,40202,0,47844,0,0,0,0,0,0,0,0,0,10
24000327,25600123737198627,14,14,63705,0,0,0,43621,87552,0,0,0,0,0,0,0,0,0,75113,0,0,17578,0,18039,0,0,0,0,0,0,0,0,0,5
24000328,30390872925636110,35,35,72968,0,0,0,61030,122368,0,0,0,0,0,0,0,0,2,158568,0,0,40202,0,47844,54103,0,0,30533,0,15023,0,0,0,14
24000329,52756529904144360,20,20,87592,0,0,0,44796,89600,0,0,0,0,0,0,0,0,2,753688,0,0,52734,0,54117,54103,0,0,30533,0,15023,0,0,0,79
24000330,47511270072522449,26,26,71617,0,0,0,59274,119296,0,0,0,0,0,0,0,0,2,758972,0,0,57780,0,65883,54103,0,0,30533,0,15023,0,0,0,79
24000331,77916643879907025,17,17,55781,0,0,0,56310,112640,0,0,0,0,0,0,0,0,6,1877290,0,0,70312,0,72156,162309,0,0,91599,0,45069,0,0,0,212
24000332,48365960885016484,37,37,108877,0,0,0,58292,116736,0,0,0,0,0,0,0,0,0,158241,0,0,40202,0,47844,0,0,0,0,0,0,0,0,0,10
24000333,14043555792016040,18,18,50860,0,0,0,60899,122368,0,0,0,0,0,0,0,0,0,0,0,0,0,0,0,0,0,0,0,0,0,0,0,0,0
24000334,52436364371760157,40,40,139842,0,0,0,57206,114688,0,0,0,0,0,0,0,0,0,82899,0,0,22624,0,29805,0,0,0,0,0,0,0,0,0,5
24000335,19666365351089534,14,14,68553,0,0,0,62615,125952,0,0,0,0,0,0,0,0,0,0,0,0,0,0,0,0,0,0,0,0,0,0,0,0,0
24000336,29972483379533709,14,14,76381,0,0,0,45960,92160,0,0,0,0,0,0,0,0,0,0,0,0,0,0,0,0,0,0,0,0,0,0,0,0,0
24000337,25060590373894401,19,19,60978,0,0,0,35542,70656,0,0,0,0,0,0,0,0,0,0,0,0,0,0,0,0,0,0,0,0,0,0,0,0,0
24000338,40301707875529186,14,14,96643,0,0,0,42483,85504,0,0,0,0,0,0,0,0,0,0,0,0,0,0,0,0,0,0,0,0,0,0,0,0,0
24000339,27202298827503660,14,14,62084,0,0,0,30438,60928,0,0,0,0,0,0,0,0,0,219452,0,0,17578,0,18039,0,0,0,0,0,0,0,0,0,21
24000340,30083613598047219,79,79,78112,0,0,0,59026,118784,0,0,0,0,0,0,0,0,0,0,0,0,0,0,0,0,0,0,0,0,0,0,0,0,0
24000341,25322721645405781,27,27,55176,0,0,0,47023,94720,0,0,0,0,0,0,0,0,0,300367,0,0,40202,0,47844,0,0,0,0,0,0,0,0,0,26
24000342,37477680837975088,14,14,115285,0,0,0,62259,124928,0,0,0,0,0,0,0,0,0,0,0,0,0,0,0,0,0,0,0,0,0,0,0,0,0
24000343,29785414773096087,14,14,80480,0,0,0,48818,98816,0,0,0,0,0,0,0,0,0,0,0,0,0,0,0,0,0,0,0,0,0,0,0,0,0
24000344,13866367129519649,128,128,53742,0,0,0,42493,84992,0,0,0,0,0,0,0,0,0,0,0,0,0,0,0,0,0,0,0,0,0,0,0,0,0
24000345,32549269051938387,18,18,104958,0,0,0,48138,96768,0,0,0,0,0,0,0,0,0,0,0,0,0,0,0,0,0,0,0,0,0,0,0,0,0
24000346,16178880102278039,30,30,58257,0,0,0,50213,100864,0,0,0,0,0,0,0,0,0,0,0,0,0,0,0,0,0,0,0,0,0,0,0,0,0
24000347,58294678422064505,25,25,137969,0,0,0,68945,138752,0,0,0,0,0,0,0,0,0,130951,0,0,40202,0,47844,0,0,0,0,0,0,0,0,0,7
24000348,26483744893263362,34,34,64631,0,0,0,53848,108032,0,0,0,0,0,0,0,0,0,0,0,0,0,0,0,0,0,0,0,0,0,0,0,0,0
24000349,46044554153142097,29,29,118077,0,0,0,55870,112640,0,0,0,0,0,0,0,0,0,82699,0,0,22624,0,29805,0,0,0,0,0,0,0,0,0,5
24000350,13473309312950806,32,32,49803,0,0,0,32562,65536,0,0,0,0,0,0,0,0,0,0,0,0,0,0,0,0,0,0,0,0,0,0,0,0,0
24000351,21701749426867933,14,14,71551,0,0,0,155843,312320,0,0,0,0,0,0,0,0,0,0,0,0,0,0,0,0,0,0,0,0,0,0,0,0,0
24000352,39711904682223464,34,34,97633,0,0,0,53569,107008,0,0,0,0,0,0,0,0,0,82857,0,0,22624,0,29805,0,0,0,0,0,0,0,0,0,5
24000353,11226533116515364,20,20,37509,0,0,0,37238,74752,0,0,0,0,0,0,0,0,0,0,0,0,0,0,0,0,0,0,0,0,0,0,0,0,0
24000354,22967508497680255,20,20,80040,0,0,0,62153,124928,0,0,0,0,0,0,0,0,0,0,0,0,0,0,0,0,0,0,0,0,0,0,0,0,0
24000355,23597267179680597,14,14,80194,0,0,0,58969,118784,0,0,0,0,0,0,0,0,0,0,0,0,0,0,0,0,0,0,0,0,0,0,0,0,0
24000356,19037581684568638,18,18,67544,0,0,0,46164,92672,0,0,0,0,0,0,0,0,0,0,0,0,0,0,0,0,0,0,0,0,0,0,0,0,0
24000357,20192062496239420,14,14,70010,0,0,0,41043,82432,0,0,0,0,0,0,0,0,0,0,0,0,0,0,0,0,0,0,0,0,0,0,0,0,0
24000358,20863495819428442,23,23,75755,0,0,0,50090,100352,0,0,0,0,0,0,0,0,0,0,0,0,0,0,0,0,0,0,0,0,0,0,0,0,0
24000359,80369800154851749,14,14,101310,0,0,0,12929,26112,0,0,0,0,0,0,0,0,0,0,0,0,0,0,0,0,0,0,0,0,0,0,0,0,0
24000360,16820244933888288,14,14,60124,0,0,0,63643,128000,0,0,0,0,0,0,0,0,0,0,0,0,0,0,0,0,0,0,0,0,0,0,0,0,0
24000361,80212610126410861,14,14,104488,0,0,0,22478,45056,0,0,0,0,0,0,0,0,0,0,0,0,0,0,0,0,0,0,0,0,0,0,0,0,0
24000362,80809733310516594,18,18,103718,0,0,0,22358,44544,0,0,0,0,0,0,0,0,0,0,0,0,0,0,0,0,0,0,0,0,0,0,0,0,0
24000363,34809170197077033,14,14,81014,0,0,0,73209,146944,0,0,0,0,0,0,0,0,0,100057,0,0,22624,0,29805,0,0,0,0,0,0,0,0,0,5
24000364,37681800129820093,31,31,97509,0,0,0,43481,87040,0,0,0,0,0,0,0,0,0,0,0,0,0,0,0,0,0,0,0,0,0,0,0,0,0
24000365,79357925722065391,19,19,119689,0,0,0,49328,99328,0,0,0,0,0,0,0,0,0,0,0,0,0,0,0,0,0,0,0,0,0,0,0,0,0
24000366,80047173769489905,14,14,104547,0,0,0,27992,56320,0,0,0,0,0,0,0,0,0,0,0,0,0,0,0,0,0,0,0,0,0,0,0,0,0
24000367,13078666266634332,14,14,47339,0,0,0,50264,101376,0,0,0,0,0,0,0,0,0,0,0,0,0,0,0,0,0,0,0,0,0,0,0,0,0
24000368,80410425858633944,14,14,105869,0,0,0,31453,63488,0,0,0,0,0,0,0,0,0,0,0,0,0,0,0,0,0,0,0,0,0,0,0,0,0
24000369,26988647514980023,14,14,68127,0,0,0,48917,98304,0,0,0,0,0,0,0,0,0,0,0,0,0,0,0,0,0,0,0,0,0,0,0,0,0
24000370,36086873184454558,23,23,98008,0,0,0,61484,123904,0,0,0,0,0,0,0,0,0,0,0,0,0,0,0,0,0,0,0,0,0,0,0,0,0
24000371,22001573294885818,14,14,50033,0,0,0,29533,59392,0,0,0,0,0,0,0,0,0,0,0,0,0,0,0,0,0,0,0,0,0,0,0,0,0
24000372,23898089381101084,14,14,59564,0,0,0,51669,103424,0,0,0,0,0,0,0,0,0,0,0,0,0,0,0,0,0,0,0,0,0,0,0,0,0
24000373,29643913144325061,20,20,79166,0,0,0,53410,107520,0,0,0,0,0,0,0,0,0,0,0,0,0,0,0,0,0,0,0,0,0,0,0,0,0
24000374,6089242721115552,14,14,23064,0,0,0,16492,33280,0,0,0,0,0,0,0,0,0,0,0,0,0,0,0,0,0,0,0,0,0,0,0,0,0
24000375,32197596148094352,14,14,86968,0,0,0,61645,123392,0,0,0,0,0,0,0,0,0,0,0,0,0,0,0,0,0,0,0,0,0,0,0,0,0
24000376,79656353640174027,14,14,100412,0,0,0,27738,55808,0,0,0,0,0,0,0,0,0,0,0,0,0,0,0,0,0,0,0,0,0,0,0,0,0
24000377,45329686663468105,23,23,121624,0,0,0,72962,146432,0,0,0,0,0,0,0,0,0,0,0,0,0,0,0,0,0,0,0,0,0,0,0,0,0
24000378,80103331066195452,14,14,105260,0,0,0,26179,52736,0,0,0,0,0,0,0,0,0,0,0,0,0,0,0,0,0,0,0,0,0,0,0,0,0
24000379,31597916616755700,27,27,80344,0,0,0,59327,119296,0,0,0,0,0,0,0,0,0,0,0,0,0,0,0,0,0,0,0,0,0,0,0,0,0
24000380,18747384892965173,14,14,72195,0,0,0,64001,128512,0,0,0,0,0,0,0,0,0,0,0,0,0,0,0,0,0,0,0,0,0,0,0,0,0
24000381,34731872747599794,14,14,92304,0,0,0,72527,145408,0,0,0,0,0,0,0,0,0,0,0,0,0,0,0,0,0,0,0,0,0,0,0,0,0
24000382,10407193908228076,14,14,40375,0,0,0,35315,70656,0,0,0,0,0,0,0,0,0,0,0,0,0,0,0,0,0,0,0,0,0,0,0,0,0
24000383,16817059928298365,30,30,58461,0,0,0,57750,115200,0,0,0,0,0,0,0,0,0,0,0,0,0,0,0,0,0,0,0,0,0,0,0,0,0
24000384,29491330182216061,23,23,80487,0,0,0,49466,99840,0,0,0,0,0,0,0,0,0,48840,0,0,17578,0,18039,0,0,0,0,0,0,0,0,0,2
24000385,19047426747397934,14,14,68495,0,0,0,59485,119808,0,0,0,0,0,0,0,0,0,0,0,0,0,0,0,0,0,0,0,0,0,0,0,0,0
24000386,80096234064413136,14,14,102997,0,0,0,21729,43520,0,0,0,0,0,0,0,0,0,0,0,0,0,0,0,0,0,0,0,0,0,0,0,0,0
24000387,16945442621015556,14,14,38580,0,0,0,24662,49664,0,0,0,0,0,0,0,0,0,0,0,0,0,0,0,0,0,0,0,0,0,0,0,0,0
24000388,26513454177681360,27,27,86649,0,0,0,80199,160768,0,0,0,0,0,0,0,0,0,0,0,0,0,0,0,0,0,0,0,0,0,0,0,0,0
24000389,84999747236565530,57,57,99856,0,0,0,26921,54272,0,0,0,0,0,0,0,0,12,199840,0,0,17578,0,18039,324618,0,0,183198,0,90138,0,0,0,43
24000390,8093074859675374,14,14,30971,0,0,0,29238,58880,0,0,0,0,0,0,0,0,0,0,0,0,0,0,0,0,0,0,0,0,0,0,0,0,0
24000391,45905058830784904,105,105,115080,0,0,0,80430,161280,0,0,0,0,0,0,0,0,0,485459,0,0,57780,0,65883,0,0,0,0,0,0,0,0,0,41
24000392,17880498145404299,14,14,59678,0,0,0,47360,95232,0,0,0,0,0,0,0,0,0,0,0,0,0,0,0,0,0,0,0,0,0,0,0,0,0
24000393,6378315046843314,14,14,22550,0,0,0,40203,80896,0,0,0,0,0,0,0,0,0,0,0,0,0,0,0,0,0,0,0,0,0,0,0,0,0
24000394,71517266118314871,67,67,172039,0,0,0,68929,137728,0,0,0,0,0,0,0,0,0,518708,0,0,62826,0,77649,0,0,0,0,0,0,0,0,0,54
24000395,79753815938472760,14,14,103439,0,0,0,17384,34816,0,0,0,0,0,0,0,0,0,0,0,0,0,0,0,0,0,0,0,0,0,0,0,0,0
24000396,80251799844815867,14,14,100776,0,0,0,16634,33280,0,0,0,0,0,0,0,0,0,0,0,0,0,0,0,0,0,0,0,0,0,0,0,0,0
24000397,45635023550083784,19,19,105196,0,0,0,85219,171008,0,0,0,0,0,0,0,0,0,75303,0,0,17578,0,18039,0,0,0,0,0,0,0,0,0,5
24000398,10704032872214488,19,19,37357,0,0,0,37671,75776,0,0,0,0,0,0,0,0,0,0,0,0,0,0,0,0,0,0,0,0,0,0,0,0,0
24000399,20448593521059552,14,14,54805,0,0,0,35151,70656,0,0,0,0,0,0,0,0,0,0,0,0,0,0,0,0,0,0,0,0,0,0,0,0,0
24000400,29156198667793143,27,27,61864,0,0,0,41423,83968,0,0,0,0,0,0,0,0,0,204465,0,0,22624,0,29805,0,0,0,0,0,0,0,0,0,26
24000401,38063346038769145,21,21,100175,0,0,0,44691,89600,0,0,0,0,0,0,0,0,0,0,0,0,0,0,0,0,0,0,0,0,0,0,0,0,0
24000402,5677657879980931,14,14,22059,0,0,0,18280,36864,0,0,0,0,0,0,0,0,0,0,0,0,0,0,0,0,0,0,0,0,0,0,0,0,0
24000403,22736403308836524,23,23,73298,0,0,0,70063,140288,0,0,0,0,0,0,0,0,0,0,0,0,0,0,0,0,0,0,0,0,0,0,0,0,0
24000404,75388831144821512,18,18,155419,0,0,0,48834,98304,0,0,0,0,0,0,0,0,0,266284,0,0,45248,0,59610,0,0,0,0,0,0,0,0,0,28
24000405,31941862813068781,14,14,82646,0,0,0,45320,91136,0,0,0,0,0,0,0,0,0,0,0,0,0,0,0,0,0,0,0,0,0,0,0,0,0
24000406,81295443118343658,14,14,107548,0,0,0,17027,34304,0,0,0,0,0,0,0,0,0,0,0,0,0,0,0,0,0,0,0,0,0,0,0,0,0
24000407,43558576233329740,28,28,96188,0,0,0,50902,101888,0,0,0,0,0,0,0,0,10,0,0,0,0,0,0,270515,0,0,152665,0,75115,0,0,0,20
24000408,51901318830209379,14,14,93437,0,0,0,50910,101888,0,0,0,0,0,0,0,0,0,0,0,0,0,0,0,0,0,0,0,0,0,0,0,0,0
24000409,24253972708306850,14,14,70227,0,0,0,44842,90112,0,0,0,0,0,0,0,0,0,0,0,0,0,0,0,0,0,0,0,0,0,0,0,0,0
24000410,7053978577199377,14,14,27171,0,0,0,30908,62464,0,0,0,0,0,0,0,0,0,0,0,0,0,0,0,0,0,0,0,0,0,0,0,0,0
24000411,45051013831087213,14,14,134008,0,0,0,77923,156160,0,0,0,0,0,0,0,0,0,0,0,0,0,0,0,0,0,0,0,0,0,0,0,0,0
24000412,6214040947651003,23,23,23902,0,0,0,19936,40448,0,0,0,0,0,0,0,0,0,0,0,0,0,0,0,0,0,0,0,0,0,0,0,0,0
24000413,17552900443431008,14,14,65548,0,0,0,61051,122368,0,0,0,0,0,0,0,0,0,0,0,0,0,0,0,0,0,0,0,0,0,0,0,0,0
24000414,49626528102727782,31,31,125186,0,0,0,61943,124416,0,0,0,0,0,0,0,0,2,74109,0,0,22624,0,29805,54103,0,0,30533,0,15023,0,0,0,6
24000415,33392963478664978,14,14,79903,0,0,0,44187,89088,0,0,0,0,0,0,0,0,0,0,0,0,0,0,0,0,0,0,0,0,0,0,0,0,0
24000416,46859165531127580,14,14,111694,0,0,0,48475,97280,0,0,0,0,0,0,0,0,0,0,0,0,0,0,0,0,0,0,0,0,0,0,0,0,0
24000417,43955403907563211,19,19,96428,0,0,0,48102,96768,0,0,0,0,0,0,0,0,0,48498,0,0,17578,0,18039,0,0,0,0,0,0,0,0,0,2
24000418,31940874380542031,23,23,67371,0,0,0,36947,73728,0,0,0,0,0,0,0,0,0,0,0,0,0,0,0,0,0,0,0,0,0,0,0,0,0
24000419,33051312479995557,14,14,71502,0,0,0,35357,70656,0,0,0,0,0,0,0,0,0,0,0,0,0,0,0,0,0,0,0,0,0,0,0,0,0
24000420,36598187045822420,51,51,93923,0,0,0,61449,123392,0,0,0,0,0,0,0,0,0,201100,0,0,17578,0,18039,0,0,0,0,0,0,0,0,0,19
24000421,79623663926965206,14,14,96929,0,0,0,20692,41472,0,0,0,0,0,0,0,0,0,0,0,0,0,0,0,0,0,0,0,0,0,0,0,0,0
24000422,80223609332468227,14,14,102710,0,0,0,24296,48640,0,0,0,0,0,0,0,0,0,0,0,0,0,0,0,0,0,0,0,0,0,0,0,0,0
24000423,31878891031200689,14,14,92095,0,0,0,83770,167936,0,0,0,0,0,0,0,0,0,0,0,0,0,0,0,0,0,0,0,0,0,0,0,0,0
24000424,19003643254331520,27,27,66003,0,0,0,46538,92672,0,0,0,0,0,0,0,0,0,0,0,0,0,0,0,0,0,0,0,0,0,0,0,0,0
24000425,5626629151291208,14,14,19198,0,0,0,22894,46080,0,0,0,0,0,0,0,0,0,46912,0,0,17578,0,18039,0,0,0,0,0,0,0,0,0,2
24000426,54685646348045234,14,14,146954,0,0,0,100918,202752,0,0,0,0,0,0,0,0,0,0,0,0,0,0,0,0,0,0,0,0,0,0,0,0,0
24000427,7332807294560034,14,14,29079,0,0,0,26198,52736,0,0,0,0,0,0,0,0,0,0,0,0,0,0,0,0,0,0,0,0,0,0,0,0,0
24000428,14758378090043436,14,14,54395,0,0,0,47812,95744,0,0,0,0,0,0,0,0,0,0,0,0,0,0,0,0,0,0,0,0,0,0,0,0,0
24000429,38934530407962445,22,22,99284,0,0,0,45989,92672,0,0,0,0,0,0,0,0,0,47808,0,0,17578,0,18039,0,0,0,0,0,0,0,0,0,2
24000430,18641820288597639,14,14,64750,0,0,0,58682,118272,0,0,0,0,0,0,0,0,0,0,0,0,0,0,0,0,0,0,0,0,0,0,0,0,0
24000431,35762134220563610,32,32,97605,0,0,0,85356,171008,0,0,0,0,0,0,0,0,0,0,0,0,0,0,0,0,0,0,0,0,0,0,0,0,0
24000432,32896675017273290,14,14,69215,0,0,0,62464,124928,0,0,0,0,0,0,0,0,0,167686,0,0,40202,0,47844,0,0,0,0,0,0,0,0,0,9
24000433,5535620161351760,14,14,21040,0,0,0,19344,38912,0,0,0,0,0,0,0,0,0,0,0,0,0,0,0,0,0,0,0,0,0,0,0,0,0
24000434,54834493575183886,18,18,158858,0,0,0,110384,221184,0,0,0,0,0,0,0,0,0,0,0,0,0,0,0,0,0,0,0,0,0,0,0,0,0
24000435,80185876471011900,14,14,99331,0,0,0,15657,31232,0,0,0,0,0,0,0,0,0,0,0,0,0,0,0,0,0,0,0,0,0,0,0,0,0
24000436,18416903276073855,23,23,67833,0,0,0,62917,125952,0,0,0,0,0,0,0,0,0,0,0,0,0,0,0,0,0,0,0,0,0,0,0,0,0
24000437,43727644697775987,73,73,110705,0,0,0,61334,122880,0,0,0,0,0,0,0,0,0,219263,0,0,17578,0,18039,0,0,0,0,0,0,0,0,0,21
24000438,80372657926821117,14,14,101537,0,0,0,17694,35840,0,0,0,0,0,0,0,0,0,0,0,0,0,0,0,0,0,0,0,0,0,0,0,0,0
24000439,6916765987210255,14,14,26107,0,0,0,32188,64512,0,0,0,0,0,0,0,0,0,0,0,0,0,0,0,0,0,0,0,0,0,0,0,0,0
24000440,39805943852070291,14,14,97815,0,0,0,60523,121344,0,0,0,0,0,0,0,0,0,118863,0,0,22624,0,29805,0,0,0,0,0,0,0,0,0,7
24000441,24457002229393226,80,80,61334,0,0,0,41239,82944,0,0,0,0,0,0,0,0,0,0,0,0,0,0,0,0,0,0,0,0,0,0,0,0,0
24000442,64675727888547685,46,46,125305,0,0,0,59990,120320,0,0,0,0,0,0,0,0,2,602069,0,0,17578,0,18039,54103,0,0,30533,0,15023,0,0,0,69
24000443,71858552268421454,14,14,103806,0,0,0,37050,74240,0,0,0,0,0,0,0,0,0,0,0,0,0,0,0,0,0,0,0,0,0,0,0,0,0
24000444,22686185037873052,14,14,61267,0,0,0,48038,96256,0,0,0,0,0,0,0,0,0,0,0,0,0,0,0,0,0,0,0,0,0,0,0,0,0
24000445,36613086252866752,14,14,79772,0,0,0,43634,87552,0,0,0,0,0,0,0,0,0,65151,0,0,22624,0,29805,0,0,0,0,0,0,0,0,0,1
24000446,74885603644432912,43,43,78759,0,0,0,59236,118784,0,0,0,0,0,0,0,0,4,1200917,0,0,35156,0,36078,108206,0,0,61066,0,30046,0,0,0,138
24000447,23971941985730256,14,14,61468,0,0,0,35061,70144,0,0,0,0,0,0,0,0,0,0,0,0,0,0,0,0,0,0,0,0,0,0,0,0,0
24000448,27878125673120695,23,23,70096,0,0,0,42918,86528,0,0,0,0,0,0,0,0,0,0,0,0,0,0,0,0,0,0,0,0,0,0,0,0,0
24000449,12799396076437728,14,14,42430,0,0,0,21904,44032,0,0,0,0,0,0,0,0,0,0,0,0,0,0,0,0,0,0,0,0,0,0,0,0,0
24000450,49428688889605635,14,14,108673,0,0,0,57161,114688,0,0,0,0,0,0,0,0,0,0,0,0,0,0,0,0,0,0,0,0,0,0,0,0,0
24000451,72014898696065547,16,16,77391,0,0,0,54727,110080,0,0,0,0,0,0,0,0,4,1244947,0,0,52734,0,54117,108206,0,0,61066,0,30046,0,0,0,140
24000452,63945248745669644,14,14,119743,0,0,0,67252,135168,0,0,0,0,0,0,0,0,0,0,0,0,0,0,0,0,0,0,0,0,0,0,0,0,0
24000453,21803767834529612,14,14,56782,0,0,0,35260,70656,0,0,0,0,0,0,0,0,0,0,0,0,0,0,0,0,0,0,0,0,0,0,0,0,0
24000454,51926503015013850,14,14,110825,0,0,0,40819,81408,0,0,0,0,0,0,0,0,0,0,0,0,0,0,0,0,0,0,0,0,0,0,0,0,0
24000455,44406864036703988,23,23,87138,0,0,0,52598,105472,0,0,0,0,0,0,0,0,0,0,0,0,0,0,0,0,0,0,0,0,0,0,0,0,0
24000456,27967417799475149,18,18,78092,0,0,0,52461,104960,0,0,0,0,0,0,0,0,0,0,0,0,0,0,0,0,0,0,0,0,0,0,0,0,0
24000457,72254300605216103,18,18,122084,0,0,0,52080,104960,0,0,0,0,0,0,0,0,0,0,0,0,0,0,0,0,0,0,0,0,0,0,0,0,0
24000458,21790527509447979,14,14,68970,0,0,0,43235,87040,0,0,0,0,0,0,0,0,0,0,0,0,0,0,0,0,0,0,0,0,0,0,0,0,0
24000459,20348818052259554,14,14,73007,0,0,0,42624,85504,0,0,0,0,0,0,0,0,0,0,0,0,0,0,0,0,0,0,0,0,0,0,0,0,0
24000460,30227732723499322,23,23,74480,0,0,0,51002,102400,0,0,0,0,0,0,0,0,0,0,0,0,0,0,0,0,0,0,0,0,0,0,0,0,0
24000461,13371633172096384,14,14,50426,0,0,0,44219,88576,0,0,0,0,0,0,0,0,0,0,0,0,0,0,0,0,0,0,0,0,0,0,0,0,0
24000462,66666723005128049,15,15,130428,0,0,0,53793,108032,0,0,0,0,0,0,0,0,2,600676,0,0,17578,0,18039,54103,0,0,30533,0,15023,0,0,0,69
24000463,11661308996483663,14,14,44187,0,0,0,40934,81920,0,0,0,0,0,0,0,0,0,0,0,0,0,0,0,0,0,0,0,0,0,0,0,0,0
24000464,25093817617681322,14,14,71000,0,0,0,54668,109568,0,0,0,0,0,0,0,0,0,0,0,0,0,0,0,0,0,0,0,0,0,0,0,0,0
24000465,69675107632859703,30,30,105443,0,0,0,51768,103936,0,0,0,0,0,0,0,0,0,0,0,0,0,0,0,0,0,0,0,0,0,0,0,0,0
24000466,35169116482234347,23,23,73630,0,0,0,39078,78848,0,0,0,0,0,0,0,0,0,0,0,0,0,0,0,0,0,0,0,0,0,0,0,0,0
24000467,59969680728006161,14,14,127702,0,0,0,57886,116736,0,0,0,0,0,0,0,0,0,0,0,0,0,0,0,0,0,0,0,0,0,0,0,0,0
24000468,14151216326722795,21,21,52324,0,0,0,45516,91136,0,0,0,0,0,0,0,0,0,0,0,0,0,0,0,0,0,0,0,0,0,0,0,0,0
24000469,35060364429640832,18,18,82490,0,0,0,46838,94208,0,0,0,0,0,0,0,0,0,0,0,0,0,0,0,0,0,0,0,0,0,0,0,0,0
24000470,5636049771798399,14,14,22435,0,0,0,23631,47616,0,0,0,0,0,0,0,0,0,0,0,0,0,0,0,0,0,0,0,0,0,0,0,0,0
24000471,52214632068602825,56,56,140870,0,0,0,64595,130048,0,0,0,0,0,0,0,0,0,201098,0,0,17578,0,18039,0,0,0,0,0,0,0,0,0,19
24000472,168219523549515862,21,21,97187,0,0,0,87124,174592,0,0,0,0,0,0,0,0,14,4201290,0,0,123046,0,126273,378721,0,0,213731,0,105161,0,0,0,483
24000473,51459904108509224,61,61,83821,0,0,0,59614,119808,0,0,0,0,0,0,0,0,2,800146,0,0,35156,0,36078,54103,0,0,30533,0,15023,0,0,0,88
24000474,29242676726935434,19,19,67991,0,0,0,47768,96256,0,0,0,0,0,0,0,0,2,73811,0,0,22624,0,29805,54103,0,0,30533,0,15023,0,0,0,6
24000475,17813967760113416,51,51,57782,0,0,0,40166,80384,0,0,0,0,0,0,0,0,0,200080,0,0,17578,0,18039,0,0,0,0,0,0,0,0,0,19
24000476,40491401216606713,20,20,107541,0,0,0,60502,121344,0,0,0,0,0,0,0,0,2,0,0,0,0,0,0,54103,0,0,30533,0,15023,0,0,0,4
24000477,16558817569898708,15,15,54780,0,0,0,46836,94208,0,0,0,0,0,0,0,0,2,0,0,0,0,0,0,54103,0,0,30533,0,15023,0,0,0,4
24000478,13050284841539936,14,14,42940,0,0,0,25927,52224,0,0,0,0,0,0,0,0,0,0,0,0,0,0,0,0,0,0,0,0,0,0,0,0,0
24000479,44141132926103492,24,24,106287,0,0,0,65310,131072,0,0,0,0,0,0,0,0,2,0,0,0,0,0,0,54103,0,0,30533,0,15023,0,0,0,4
24000480,70969934498645300,14,14,117496,0,0,0,52114,104448,0,0,0,0,0,0,0,0,0,0,0,0,0,0,0,0,0,0,0,0,0,0,0,0,0
24000481,16287953710729101,15,15,54699,0,0,0,50801,101888,0,0,0,0,0,0,0,0,2,0,0,0,0,0,0,54103,0,0,30533,0,15023,0,0,0,4
24000482,44148781485531619,18,18,108517,0,0,0,41374,83456,0,0,0,0,0,0,0,0,0,0,0,0,0,0,0,0,0,0,0,0,0,0,0,0,0
24000483,19043323593349771,29,29,64014,0,0,0,57750,115712,0,0,0,0,0,0,0,0,2,0,0,0,0,0,0,54103,0,0,30533,0,15023,0,0,0,4
24000484,19374559079920782,14,14,66426,0,0,0,63164,126976,0,0,0,0,0,0,0,0,0,0,0,0,0,0,0,0,0,0,0,0,0,0,0,0,0
24000485,9253013379826002,15,15,27262,0,0,0,23225,47104,0,0,0,0,0,0,0,0,2,0,0,0,0,0,0,54103,0,0,30533,0,15023,0,0,0,4
24000486,63186346731252121,15,15,114508,0,0,0,76172,152064,0,0,0,0,0,0,0,0,2,598467,0,0,17578,0,18039,54103,0,0,30533,0,15023,0,0,0,69
24000487,64251731594859978,23,23,116053,0,0,0,53725,107520,0,0,0,0,0,0,0,0,0,0,0,0,0,0,0,0,0,0,0,0,0,0,0,0,0
24000488,63485682523943750,14,14,96641,0,0,0,42816,86016,0,0,0,0,0,0,0,0,0,0,0,0,0,0,0,0,0,0,0,0,0,0,0,0,0
24000489,23080727497103155,14,14,63454,0,0,0,43919,88064,0,0,0,0,0,0,0,0,0,0,0,0,0,0,0,0,0,0,0,0,0,0,0,0,0
24000490,55607086957208396,24,24,86098,0,0,0,51202,102912,0,0,0,0,0,0,0,0,2,601904,0,0,17578,0,18039,54103,0,0,30533,0,15023,0,0,0,69
24000491,13963924405987241,14,14,48795,0,0,0,31004,62464,0,0,0,0,0,0,0,0,0,0,0,0,0,0,0,0,0,0,0,0,0,0,0,0,0
24000492,67870305486153749,15,15,117089,0,0,0,78410,157696,0,0,0,0,0,0,0,0,2,650286,0,0,35156,0,36078,54103,0,0,30533,0,15023,0,0,0,71
24000493,22359738457969664,14,14,50778,0,0,0,27059,54272,0,0,0,0,0,0,0,0,0,75066,0,0,17578,0,18039,0,0,0,0,0,0,0,0,0,5
24000494,18761977551120347,14,14,65354,0,0,0,46748,93696,0,0,0,0,0,0,0,0,0,0,0,0,0,0,0,0,0,0,0,0,0,0,0,0,0
24000495,38252161080005117,19,19,123967,0,0,0,84718,169472,0,0,0,0,0,0,0,0,0,0,0,0,0,0,0,0,0,0,0,0,0,0,0,0,0
24000496,28200853405539220,14,14,69733,0,0,0,54993,110080,0,0,0,0,0,0,0,0,0,0,0,0,0,0,0,0,0,0,0,0,0,0,0,0,0
24000497,41238772428477700,57,57,79495,0,0,0,55133,110592,0,0,0,0,0,0,0,0,12,202070,0,0,17578,0,18039,324618,0,0,183198,0,90138,0,0,0,43
24000498,64592205843801043,58,58,98817,0,0,0,38766,77824,0,0,0,0,0,0,0,0,0,218470,0,0,17578,0,18039,0,0,0,0,0,0,0,0,0,21
24000499,25318252718999778,15,15,23749,0,0,0,28366,56832,0,0,0,0,0,0,0,0,2,600964,0,0,17578,0,18039,54103,0,0,30533,0,15023,0,0,0,69
24000500,22004448584616338,20,20,74160,0,0,0,61980,124928,0,0,0,0,0,0,0,0,0,0,0,0,0,0,0,0,0,0,0,0,0,0,0,0,0
24000501,48491517366914894,14,14,133405,0,0,0,49276,99328,0,0,0,0,0,0,0,0,0,0,0,0,0,0,0,0,0,0,0,0,0,0,0,0,0
24000502,30318497367504100,15,15,77138,0,0,0,45146,90624,0,0,0,0,0,0,0,0,2,0,0,0,0,0,0,54103,0,0,30533,0,15023,0,0,0,4
24000503,9931589301925834,14,14,36102,0,0,0,36987,74752,0,0,0,0,0,0,0,0,0,0,0,0,0,0,0,0,0,0,0,0,0,0,0,0,0
24000504,60535644418764094,15,15,101171,0,0,0,55621,111616,0,0,0,0,0,0,0,0,2,978925,0,0,105468,0,108234,54103,0,0,30533,0,15023,0,0,0,94
24000505,16029297911088374,14,14,56542,0,0,0,68462,137728,0,0,0,0,0,0,0,0,0,0,0,0,0,0,0,0,0,0,0,0,0,0,0,0,0
24000506,37010626901980266,14,14,112912,0,0,0,41187,82944,0,0,0,0,0,0,0,0,0,0,0,0,0,0,0,0,0,0,0,0,0,0,0,0,0
24000507,36392674069640957,55,55,92915,0,0,0,48482,97280,0,0,0,0,0,0,0,0,0,277425,0,0,35156,0,36078,0,0,0,0,0,0,0,0,0,24
24000508,14241147555718010,23,23,53490,0,0,0,36960,74240,0,0,0,0,0,0,0,0,0,0,0,0,0,0,0,0,0,0,0,0,0,0,0,0,0
24000509,41713420922248423,18,18,123824,0,0,0,54244,109056,0,0,0,0,0,0,0,0,8,0,0,0,0,0,0,216412,0,0,122132,0,60092,0,0,0,16
24000510,33744451163032222,26,26,84545,0,0,0,46535,93696,0,0,0,0,0,0,0,0,0,0,0,0,0,0,0,0,0,0,0,0,0,0,0,0,0
24000511,11856524965896207,14,14,44714,0,0,0,40571,81408,0,0,0,0,0,0,0,0,0,0,0,0,0,0,0,0,0,0,0,0,0,0,0,0,0
24000512,40201975429334156,14,14,124262,0,0,0,59969,120320,0,0,0,0,0,0,0,0,0,0,0,0,0,0,0,0,0,0,0,0,0,0,0,0,0
24000513,26415246840408728,14,14,67132,0,0,0,41571,83456,0,0,0,0,0,0,0,0,0,0,0,0,0,0,0,0,0,0,0,0,0,0,0,0,0
24000514,27694267685497595,23,23,70914,0,0,0,41659,83968,0,0,0,0,0,0,0,0,0,0,0,0,0,0,0,0,0,0,0,0,0,0,0,0,0
24000515,19263026980803152,14,14,69677,0,0,0,63036,125952,0,0,0,0,0,0,0,0,0,0,0,0,0,0,0,0,0,0,0,0,0,0,0,0,0
24000516,28158074549632168,14,14,85310,0,0,0,26755,53760,0,0,0,0,0,0,0,0,0,0,0,0,0,0,0,0,0,0,0,0,0,0,0,0,0
24000517,31131416438863332,14,14,71727,0,0,0,59273,119296,0,0,0,0,0,0,0,0,0,284402,0,0,22624,0,29805,0,0,0,0,0,0,0,0,0,29
24000518,85066598925811676,17,17,81834,0,0,0,67748,136192,0,0,0,0,0,0,0,0,6,1804370,0,0,52734,0,54117,162309,0,0,91599,0,45069,0,0,0,207
24000519,12459700091202189,14,14,49142,0,0,0,47230,95232,0,0,0,0,0,0,0,0,0,0,0,0,0,0,0,0,0,0,0,0,0,0,0,0,0
24000520,44150532465180243,62,62,131222,0,0,0,48936,97792,0,0,0,0,0,0,0,0,0,216305,0,0,17578,0,18039,0,0,0,0,0,0,0,0,0,21
24000521,68158893372847393,32,32,82386,0,0,0,95490,192000,0,0,0,0,0,0,0,0,4,1246272,0,0,52734,0,54117,108206,0,0,61066,0,30046,0,0,0,140
24000522,28651083145251516,14,14,72390,0,0,0,60085,120832,0,0,0,0,0,0,0,0,0,0,0,0,0,0,0,0,0,0,0,0,0,0,0,0,0
24000523,4274942522095938,14,14,15679,0,0,0,17951,35840,0,0,0,0,0,0,0,0,0,0,0,0,0,0,0,0,0,0,0,0,0,0,0,0,0
24000524,37056813010786724,14,14,98866,0,0,0,52691,105984,0,0,0,0,0,0,0,0,0,0,0,0,0,0,0,0,0,0,0,0,0,0,0,0,0
24000525,6020031673317802,14,14,22782,0,0,0,20277,40960,0,0,0,0,0,0,0,0,0,0,0,0,0,0,0,0,0,0,0,0,0,0,0,0,0
24000526,45724445441396187,19,19,125447,0,0,0,66693,134144,0,0,0,0,0,0,0,0,0,0,0,0,0,0,0,0,0,0,0,0,0,0,0,0,0
24000527,5924966450372942,14,14,22618,0,0,0,23500,47104,0,0,0,0,0,0,0,0,0,0,0,0,0,0,0,0,0,0,0,0,0,0,0,0,0
24000528,43908084397008873,14,14,121127,0,0,0,49587,99328,0,0,0,0,0,0,0,0,0,0,0,0,0,0,0,0,0,0,0,0,0,0,0,0,0
24000529,36851942800887773,28,28,100960,0,0,0,85654,172032,0,0,0,0,0,0,0,0,0,0,0,0,0,0,0,0,0,0,0,0,0,0,0,0,0
24000530,35268291755997331,14,14,89731,0,0,0,57515,115712,0,0,0,0,0,0,0,0,0,87309,0,0,22624,0,29805,0,0,0,0,0,0,0,0,0,6
24000531,25010785255799036,23,23,62429,0,0,0,47255,94720,0,0,0,0,0,0,0,0,0,0,0,0,0,0,0,0,0,0,0,0,0,0,0,0,0
24000532,38450384688543210,14,14,120425,0,0,0,55731,111616,0,0,0,0,0,0,0,0,0,0,0,0,0,0,0,0,0,0,0,0,0,0,0,0,0
24000533,22408153625692118,14,14,66403,0,0,0,55844,112128,0,0,0,0,0,0,0,0,0,174644,0,0,22624,0,29805,0,0,0,0,0,0,0,0,0,14
24000534,28726556140398836,293,293,66722,0,0,0,54159,108544,0,0,0,0,0,0,0,0,0,64769,0,0,22624,0,29805,0,0,0,0,0,0,0,0,0,1
24000535,22757564311835449,14,14,53296,0,0,0,32474,65536,0,0,0,0,0,0,0,0,0,0,0,0,0,0,0,0,0,0,0,0,0,0,0,0,0
24000536,39485412391132957,19,19,119355,0,0,0,40613,81408,0,0,0,0,0,0,0,0,0,0,0,0,0,0,0,0,0,0,0,0,0,0,0,0,0
24000537,16375694781871813,23,23,59247,0,0,0,54738,110592,0,0,0,0,0,0,0,0,0,65420,0,0,22624,0,29805,0,0,0,0,0,0,0,0,0,1
24000538,30664829584096834,63,63,68029,0,0,0,49595,99840,0,0,0,0,0,0,0,0,0,219859,0,0,17578,0,18039,0,0,0,0,0,0,0,0,0,21
24000539,15423596384154817,14,14,53716,0,0,0,25903,52224,0,0,0,0,0,0,0,0,0,0,0,0,0,0,0,0,0,0,0,0,0,0,0,0,0
24000540,38643595717893681,14,14,124939,0,0,0,59037,118272,0,0,0,0,0,0,0,0,0,0,0,0,0,0,0,0,0,0,0,0,0,0,0,0,0
24000541,27556754874566161,14,14,69047,0,0,0,45358,91136,0,0,0,0,0,0,0,0,0,0,0,0,0,0,0,0,0,0,0,0,0,0,0,0,0
24000542,26576252772089611,36,36,67966,0,0,0,48498,97792,0,0,0,0,0,0,0,0,0,0,0,0,0,0,0,0,0,0,0,0,0,0,0,0,0
24000543,34875994556077832,28,28,86913,0,0,0,57567,115712,0,0,0,0,0,0,0,0,0,0,0,0,0,0,0,0,0,0,0,0,0,0,0,0,0
24000544,12188940607968538,16,16,42869,0,0,0,35882,72192,0,0,0,0,0,0,0,0,0,0,0,0,0,0,0,0,0,0,0,0,0,0,0,0,0
24000545,47275408830715897,18,18,125826,0,0,0,53244,107008,0,0,0,0,0,0,0,0,0,75777,0,0,17578,0,18039,0,0,0,0,0,0,0,0,0,5
24000546,31224281237431321,14,14,68619,0,0,0,41687,83456,0,0,0,0,0,0,0,0,0,0,0,0,0,0,0,0,0,0,0,0,0,0,0,0,0
24000547,42543852555607931,14,14,91048,0,0,0,51843,103936,0,0,0,0,0,0,0,0,0,49564,0,0,17578,0,18039,0,0,0,0,0,0,0,0,0,2
24000548,24204534480816699,14,14,61498,0,0,0,37381,75264,0,0,0,0,0,0,0,0,0,0,0,0,0,0,0,0,0,0,0,0,0,0,0,0,0
24000549,30039346435130798,36,36,71786,0,0,0,20810,41984,0,0,0,0,0,0,0,0,0,0,0,0,0,0,0,0,0,0,0,0,0,0,0,0,0
24000550,33918045227497678,67,67,71669,0,0,0,64526,129536,0,0,0,0,0,0,0,0,0,218253,0,0,17578,0,18039,0,0,0,0,0,0,0,0,0,21
24000551,24369558109635315,14,14,59861,0,0,0,46103,92672,0,0,0,0,0,0,0,0,0,0,0,0,0,0,0,0,0,0,0,0,0,0,0,0,0
24000552,45084896634025105,14,14,116973,0,0,0,35485,71168,0,0,0,0,0,0,0,0,0,75440,0,0,17578,0,18039,0,0,0,0,0,0,0,0,0,5
24000553,3684803901043050,14,14,14149,0,0,0,21014,41984,0,0,0,0,0,0,0,0,0,0,0,0,0,0,0,0,0,0,0,0,0,0,0,0,0
24000554,32376190727284220,14,14,88154,0,0,0,71567,143872,0,0,0,0,0,0,0,0,0,0,0,0,0,0,0,0,0,0,0,0,0,0,0,0,0
24000555,29298584383757899,27,27,68768,0,0,0,46675,94720,0,0,0,0,0,0,0,0,0,74017,0,0,22624,0,29805,0,0,0,0,0,0,0,0,0,2
24000556,37932016396013081,14,14,97395,0,0,0,51328,102912,0,0,0,0,0,0,0,0,0,0,0,0,0,0,0,0,0,0,0,0,0,0,0,0,0
24000557,23523787222057347,14,14,56917,0,0,0,45553,91136,0,0,0,0,0,0,0,0,0,0,0,0,0,0,0,0,0,0,0,0,0,0,0,0,0
24000558,24621329019149157,23,23,80095,0,0,0,38270,77312,0,0,0,0,0,0,0,0,0,0,0,0,0,0,0,0,0,0,0,0,0,0,0,0,0
24000559,39275231311477560,19,19,88631,0,0,0,57172,114688,0,0,0,0,0,0,0,0,0,157391,0,0,40202,0,47844,0,0,0,0,0,0,0,0,0,8
24000560,5344225308549683,14,14,17837,0,0,0,21635,43520,0,0,0,0,0,0,0,0,0,0,0,0,0,0,0,0,0,0,0,0,0,0,0,0,0
24000561,24745402405582622,251,251,85092,0,0,0,75599,151552,0,0,0,0,0,0,0,0,0,0,0,0,0,0,0,0,0,0,0,0,0,0,0,0,0
24000562,40684534733014536,14,14,118691,0,0,0,43064,86016,0,0,0,0,0,0,0,0,0,0,0,0,0,0,0,0,0,0,0,0,0,0,0,0,0
24000563,14420290993171036,14,14,50920,0,0,0,51031,102400,0,0,0,0,0,0,0,0,0,0,0,0,0,0,0,0,0,0,0,0,0,0,0,0,0
24000564,39975277900689793,14,14,105979,0,0,0,55364,110592,0,0,0,0,0,0,0,0,0,0,0,0,0,0,0,0,0,0,0,0,0,0,0,0,0
24000565,24006775799944683,14,14,55550,0,0,0,37605,75264,0,0,0,0,0,0,0,0,0,0,0,0,0,0,0,0,0,0,0,0,0,0,0,0,0
24000566,38420106936088439,14,14,104573,0,0,0,39317,78848,0,0,0,0,0,0,0,0,0,0,0,0,0,0,0,0,0,0,0,0,0,0,0,0,0
24000567,31591697339758240,23,23,83223,0,0,0,44120,88576,0,0,0,0,0,0,0,0,0,0,0,0,0,0,0,0,0,0,0,0,0,0,0,0,0
24000568,23014142381378950,14,14,53949,0,0,0,38197,76800,0,0,0,0,0,0,0,0,0,0,0,0,0,0,0,0,0,0,0,0,0,0,0,0,0
24000569,31029476841958598,14,14,86815,0,0,0,61505,123904,0,0,0,0,0,0,0,0,0,0,0,0,0,0,0,0,0,0,0,0,0,0,0,0,0
24000570,38008584963282025,14,14,120164,0,0,0,59468,119808,0,0,0,0,0,0,0,0,0,0,0,0,0,0,0,0,0,0,0,0,0,0,0,0,0
24000571,38549993567811393,14,14,105152,0,0,0,64381,129024,0,0,0,0,0,0,0,0,0,0,0,0,0,0,0,0,0,0,0,0,0,0,0,0,0
24000572,14957758289699537,18,18,52237,0,0,0,53864,108032,0,0,0,0,0,0,0,0,0,0,0,0,0,0,0,0,0,0,0,0,0,0,0,0,0
24000573,36066236641003718,30,30,101443,0,0,0,74455,149504,0,0,0,0,0,0,0,0,0,0,0,0,0,0,0,0,0,0,0,0,0,0,0,0,0
24000574,32334597447153544,14,14,107138,0,0,0,51679,103936,0,0,0,0,0,0,0,0,0,0,0,0,0,0,0,0,0,0,0,0,0,0,0,0,0
24000575,36803353178275139,14,14,83705,0,0,0,65718,132096,0,0,0,0,0,0,0,0,0,0,0,0,0,0,0,0,0,0,0,0,0,0,0,0,0
24000576,33100768144145538,20,20,82710,0,0,0,58714,117760,0,0,0,0,0,0,0,0,2,0,0,0,0,0,0,54103,0,0,30533,0,15023,0,0,0,4
24000577,40195119554554064,14,14,113462,0,0,0,54167,109056,0,0,0,0,0,0,0,0,0,0,0,0,0,0,0,0,0,0,0,0,0,0,0,0,0
24000578,30361510785622863,15,15,81401,0,0,0,53016,106496,0,0,0,0,0,0,0,0,2,0,0,0,0,0,0,54103,0,0,30533,0,15023,0,0,0,4
24000579,40577416914856973,23,23,112240,0,0,0,54989,110080,0,0,0,0,0,0,0,0,0,220040,0,0,17578,0,18039,0,0,0,0,0,0,0,0,0,21
24000580,33709723923931238,75,75,85989,0,0,0,56110,112640,0,0,0,0,0,0,0,0,2,75371,0,0,17578,0,18039,54103,0,0,30533,0,15023,0,0,0,9
24000581,35924195380769518,63,63,92821,0,0,0,41871,83968,0,0,0,0,0,0,0,0,0,219714,0,0,17578,0,18039,0,0,0,0,0,0,0,0,0,21
24000582,20897790769197957,14,14,72584,0,0,0,40785,81920,0,0,0,0,0,0,0,0,0,0,0,0,0,0,0,0,0,0,0,0,0,0,0,0,0
24000583,16509860490086034,14,14,58610,0,0,0,49182,98304,0,0,0,0,0,0,0,0,0,0,0,0,0,0,0,0,0,0,0,0,0,0,0,0,0
24000584,12847140918510234,15,15,64662,0,0,0,31278,62976,0,0,0,0,0,0,0,0,2,0,0,0,0,0,0,54103,0,0,30533,0,15023,0,0,0,4
24000585,26090290867090523,67,67,95657,0,0,0,65639,131584,0,0,0,0,0,0,0,0,0,0,0,0,0,0,0,0,0,0,0,0,0,0,0,0,0
24000586,17764175651094398,15,15,57866,0,0,0,75720,152064,0,0,0,0,0,0,0,0,2,0,0,0,0,0,0,54103,0,0,30533,0,15023,0,0,0,4
24000587,19423709029293015,14,14,73198,0,0,0,53210,107008,0,0,0,0,0,0,0,0,0,0,0,0,0,0,0,0,0,0,0,0,0,0,0,0,0
24000588,13612448513424339,14,14,50086,0,0,0,41062,81920,0,0,0,0,0,0,0,0,0,0,0,0,0,0,0,0,0,0,0,0,0,0,0,0,0
24000589,38255377555161037,20,20,114923,0,0,0,61248,122880,0,0,0,0,0,0,0,0,0,87192,0,0,22624,0,29805,0,0,0,0,0,0,0,0,0,6
24000590,5516376568038011,14,14,22936,0,0,0,18622,37376,0,0,0,0,0,0,0,0,0,0,0,0,0,0,0,0,0,0,0,0,0,0,0,0,0
24000591,79695870564694410,14,14,172078,0,0,0,36819,73728,0,0,0,0,0,0,0,0,0,0,0,0,0,0,0,0,0,0,0,0,0,0,0,0,0
24000592,17784104087657512,19,19,65572,0,0,0,53023,105984,0,0,0,0,0,0,0,0,0,0,0,0,0,0,0,0,0,0,0,0,0,0,0,0,0
24000593,79751965326097933,14,14,169709,0,0,0,50557,101888,0,0,0,0,0,0,0,0,0,0,0,0,0,0,0,0,0,0,0,0,0,0,0,0,0
24000594,13842021413896516,14,14,52608,0,0,0,45480,91648,0,0,0,0,0,0,0,0,0,0,0,0,0,0,0,0,0,0,0,0,0,0,0,0,0
24000595,57806763751814961,15,15,130237,0,0,0,46062,92672,0,0,0,0,0,0,0,0,2,48302,0,0,17578,0,18039,54103,0,0,30533,0,15023,0,0,0,6
24000596,18386183760786882,14,14,64319,0,0,0,56705,113664,0,0,0,0,0,0,0,0,0,0,0,0,0,0,0,0,0,0,0,0,0,0,0,0,0
24000597,21809748013514080,188,188,72294,0,0,0,40015,80384,0,0,0,0,0,0,0,0,0,0,0,0,0,0,0,0,0,0,0,0,0,0,0,0,0
24000598,32881093472733199,14,14,112967,0,0,0,70644,141824,0,0,0,0,0,0,0,0,0,0,0,0,0,0,0,0,0,0,0,0,0,0,0,0,0
24000599,34426810041423410,14,14,87937,0,0,0,53294,107008,0,0,0,0,0,0,0,0,0,0,0,0,0,0,0,0,0,0,0,0,0,0,0,0,0
24000600,26795419195862187,14,14,69588,0,0,0,50030,100352,0,0,0,0,0,0,0,0,0,0,0,0,0,0,0,0,0,0,0,0,0,0,0,0,0
24000601,6272095320788268,14,14,20314,0,0,0,24050,48128,0,0,0,0,0,0,0,0,0,86467,0,0,22624,0,29805,0,0,0,0,0,0,0,0,0,6
24000602,44244458823416241,18,18,129209,0,0,0,55152,111104,0,0,0,0,0,0,0,0,8,0,0,0,0,0,0,216412,0,0,122132,0,60092,0,0,0,16
24000603,25779045121017534,68,68,82760,0,0,0,62096,124416,0,0,0,0,0,0,0,0,0,200637,0,0,17578,0,18039,0,0,0,0,0,0,0,0,0,19
24000604,4071271138386976,14,14,15188,0,0,0,20591,41472,0,0,0,0,0,0,0,0,0,0,0,0,0,0,0,0,0,0,0,0,0,0,0,0,0
24000605,35952962190198889,14,14,115336,0,0,0,45566,91648,0,0,0,0,0,0,0,0,0,0,0,0,0,0,0,0,0,0,0,0,0,0,0,0,0
24000606,18088375491012040,19,19,62919,0,0,0,53075,106496,0,0,0,0,0,0,0,0,0,0,0,0,0,0,0,0,0,0,0,0,0,0,0,0,0
24000607,33488502118037974,14,14,105331,0,0,0,46990,94720,0,0,0,0,0,0,0,0,0,0,0,0,0,0,0,0,0,0,0,0,0,0,0,0,0
24000608,15380542567048588,23,23,57039,0,0,0,40247,80896,0,0,0,0,0,0,0,0,0,0,0,0,0,0,0,0,0,0,0,0,0,0,0,0,0
24000609,29974206137422163,14,14,83950,0,0,0,43923,88576,0,0,0,0,0,0,0,0,0,0,0,0,0,0,0,0,0,0,0,0,0,0,0,0,0
24000610,3921615116510102,14,14,15437,0,0,0,14770,29696,0,0,0,0,0,0,0,0,0,0,0,0,0,0,0,0,0,0,0,0,0,0,0,0,0
24000611,43098613031795396,14,14,132827,0,0,0,58572,117760,0,0,0,0,0,0,0,0,0,0,0,0,0,0,0,0,0,0,0,0,0,0,0,0,0
24000612,21420872268153305,14,14,73884,0,0,0,43223,87040,0,0,0,0,0,0,0,0,0,0,0,0,0,0,0,0,0,0,0,0,0,0,0,0,0
24000613,7682179449846022,14,14,27592,0,0,0,25762,51712,0,0,0,0,0,0,0,0,0,0,0,0,0,0,0,0,0,0,0,0,0,0,0,0,0
24000614,14197621857385430,14,14,42914,0,0,0,27640,55296,0,0,0,0,0,0,0,0,0,48256,0,0,17578,0,18039,0,0,0,0,0,0,0,0,0,2
24000615,43505518881071762,48,48,143286,0,0,0,81510,163840,0,0,0,0,0,0,0,0,0,0,0,0,0,0,0,0,0,0,0,0,0,0,0,0,0
24000616,26371959031246958,51,51,85452,0,0,0,48388,96768,0,0,0,0,0,0,0,0,0,201206,0,0,17578,0,18039,0,0,0,0,0,0,0,0,0,19
24000617,32984289482184166,14,14,87055,0,0,0,40705,81920,0,0,0,0,0,0,0,0,0,0,0,0,0,0,0,0,0,0,0,0,0,0,0,0,0
24000618,36524180319699691,14,14,100998,0,0,0,46297,93696,0,0,0,0,0,0,0,0,0,0,0,0,0,0,0,0,0,0,0,0,0,0,0,0,0
24000619,19398874937677989,14,14,53859,0,0,0,18757,37376,0,0,0,0,0,0,0,0,0,0,0,0,0,0,0,0,0,0,0,0,0,0,0,0,0
24000620,48579682917608112,30,30,140496,0,0,0,65184,130560,0,0,0,0,0,0,0,0,0,0,0,0,0,0,0,0,0,0,0,0,0,0,0,0,0
24000621,26961193831289171,51,51,66695,0,0,0,51659,103424,0,0,0,0,0,0,0,0,0,202384,0,0,17578,0,18039,0,0,0,0,0,0,0,0,0,19
24000622,26772501732919889,14,14,65991,0,0,0,37873,76288,0,0,0,0,0,0,0,0,0,0,0,0,0,0,0,0,0,0,0,0,0,0,0,0,0
24000623,18408586892447759,15,15,67254,0,0,0,47523,95744,0,0,0,0,0,0,0,0,2,0,0,0,0,0,0,54103,0,0,30533,0,15023,0,0,0,4
24000624,33184359617932276,20,20,101330,0,0,0,38720,78336,0,0,0,0,0,0,0,0,0,0,0,0,0,0,0,0,0,0,0,0,0,0,0,0,0
24000625,29330527737412766,55,55,70409,0,0,0,52450,104960,0,0,0,0,0,0,0,0,0,201430,0,0,17578,0,18039,0,0,0,0,0,0,0,0,0,19
24000626,18354788007356027,30,30,62602,0,0,0,53853,108032,0,0,0,0,0,0,0,0,0,0,0,0,0,0,0,0,0,0,0,0,0,0,0,0,0
24000627,83658169437174723,21,21,150093,0,0,0,50488,101376,0,0,0,0,0,0,0,0,2,649097,0,0,35156,0,36078,54103,0,0,30533,0,15023,0,0,0,71
24000628,24982158472566447,14,14,62070,0,0,0,37482,75264,0,0,0,0,0,0,0,0,0,0,0,0,0,0,0,0,0,0,0,0,0,0,0,0,0
24000629,37616432875473832,61,61,115010,0,0,0,45072,90112,0,0,0,0,0,0,0,0,0,202505,0,0,17578,0,18039,0,0,0,0,0,0,0,0,0,19
24000630,13796391115834344,20,20,48255,0,0,0,38920,77824,0,0,0,0,0,0,0,0,0,87134,0,0,22624,0,29805,0,0,0,0,0,0,0,0,0,6
24000631,13444593850752907,14,14,47492,0,0,0,44462,89088,0,0,0,0,0,0,0,0,0,0,0,0,0,0,0,0,0,0,0,0,0,0,0,0,0
24000632,56667880694415351,25,25,72467,0,0,0,54436,109056,0,0,0,0,0,0,0,0,4,1197797,0,0,35156,0,36078,108206,0,0,61066,0,30046,0,0,0,138
24000633,15243994589335125,14,14,57906,0,0,0,48861,97792,0,0,0,0,0,0,0,0,0,0,0,0,0,0,0,0,0,0,0,0,0,0,0,0,0
24000634,36180247688723783,18,18,117837,0,0,0,56147,112640,0,0,0,0,0,0,0,0,0,0,0,0,0,0,0,0,0,0,0,0,0,0,0,0,0
24000635,31285595188978914,14,14,88588,0,0,0,46224,93184,0,0,0,0,0,0,0,0,0,0,0,0,0,0,0,0,0,0,0,0,0,0,0,0,0
24000636,19571135474541923,20,20,59453,0,0,0,45925,91648,0,0,0,0,0,0,0,0,0,0,0,0,0,0,0,0,0,0,0,0,0,0,0,0,0
24000637,39502518009387263,14,14,129092,0,0,0,49710,99840,0,0,0,0,0,0,0,0,0,0,0,0,0,0,0,0,0,0,0,0,0,0,0,0,0
24000638,15718698818181797,23,23,56348,0,0,0,47634,95744,0,0,0,0,0,0,0,0,0,0,0,0,0,0,0,0,0,0,0,0,0,0,0,0,0
24000639,44041522995570241,15,15,84801,0,0,0,58399,117248,0,0,0,0,0,0,0,0,2,598282,0,0,17578,0,18039,54103,0,0,30533,0,15023,0,0,0,69
24000640,80076903901596639,14,14,104496,0,0,0,18603,37376,0,0,0,0,0,0,0,0,0,0,0,0,0,0,0,0,0,0,0,0,0,0,0,0,0
24000641,38320629934943225,26,26,108679,0,0,0,75851,152576,0,0,0,0,0,0,0,0,0,0,0,0,0,0,0,0,0,0,0,0,0,0,0,0,0
24000642,24306582385409099,18,18,80560,0,0,0,36361,72704,0,0,0,0,0,0,0,0,0,0,0,0,0,0,0,0,0,0,0,0,0,0,0,0,0
24000643,4311074679634004,14,14,15535,0,0,0,20132,40448,0,0,0,0,0,0,0,0,0,0,0,0,0,0,0,0,0,0,0,0,0,0,0,0,0
24000644,21212402319650824,14,14,68462,0,0,0,41003,82944,0,0,0,0,0,0,0,0,0,0,0,0,0,0,0,0,0,0,0,0,0,0,0,0,0
24000645,24742230025985982,14,14,79615,0,0,0,63191,126976,0,0,0,0,0,0,0,0,0,0,0,0,0,0,0,0,0,0,0,0,0,0,0,0,0
24000646,26332057816947806,14,14,93912,0,0,0,72952,146432,0,0,0,0,0,0,0,0,0,0,0,0,0,0,0,0,0,0,0,0,0,0,0,0,0
24000647,25267090744423611,32,32,74448,0,0,0,44710,90112,0,0,0,0,0,0,0,0,2,0,0,0,0,0,0,54103,0,0,30533,0,15023,0,0,0,4
24000648,44022834032290401,15,15,89542,0,0,0,60338,120832,0,0,0,0,0,0,0,0,2,600215,0,0,17578,0,18039,54103,0,0,30533,0,15023,0,0,0,69
24000649,27901599946603407,23,23,90048,0,0,0,49541,99328,0,0,0,0,0,0,0,0,0,0,0,0,0,0,0,0,0,0,0,0,0,0,0,0,0
24000650,46679789801158989,18,18,135941,0,0,0,60063,120832,0,0,0,0,0,0,0,0,0,0,0,0,0,0,0,0,0,0,0,0,0,0,0,0,0
24000651,80300160110265662,14,14,103662,0,0,0,19502,38912,0,0,0,0,0,0,0,0,0,0,0,0,0,0,0,0,0,0,0,0,0,0,0,0,0
24000652,63649368035592422,138,138,119365,0,0,0,68660,137728,0,0,0,0,0,0,0,0,2,604085,0,0,17578,0,18039,54103,0,0,30533,0,15023,0,0,0,69
24000653,23853391254348068,14,14,78467,0,0,0,40666,81920,0,0,0,0,0,0,0,0,0,0,0,0,0,0,0,0,0,0,0,0,0,0,0,0,0
24000654,23713761075481095,14,14,80115,0,0,0,46775,93696,0,0,0,0,0,0,0,0,0,0,0,0,0,0,0,0,0,0,0,0,0,0,0,0,0
24000655,18773663805398275,14,14,59588,0,0,0,46463,93184,0,0,0,0,0,0,0,0,0,0,0,0,0,0,0,0,0,0,0,0,0,0,0,0,0
24000656,42571508837640807,16,16,24524,0,0,0,27155,54272,0,0,0,0,0,0,0,0,4,1201718,0,0,35156,0,36078,108206,0,0,61066,0,30046,0,0,0,138
24000657,140659748531516066,31,31,105202,0,0,0,91682,183296,0,0,0,0,0,0,0,0,12,3602334,0,0,105468,0,108234,324618,0,0,183198,0,90138,0,0,0,414
24000658,22939728646199560,14,14,66492,0,0,0,39081,78336,0,0,0,0,0,0,0,0,0,0,0,0,0,0,0,0,0,0,0,0,0,0,0,0,0
24000659,5048373199496776,14,14,18978,0,0,0,25184,50688,0,0,0,0,0,0,0,0,0,0,0,0,0,0,0,0,0,0,0,0,0,0,0,0,0
24000660,24641108390065407,14,14,85480,0,0,0,74734,150016,0,0,0,0,0,0,0,0,0,0,0,0,0,0,0,0,0,0,0,0,0,0,0,0,0
24000661,46551416974189710,14,14,137302,0,0,0,51167,102912,0,0,0,0,0,0,0,0,0,124340,0,0,35156,0,36078,0,0,0,0,0,0,0,0,0,7
24000662,35588556201069626,23,23,105302,0,0,0,52384,104960,0,0,0,0,0,0,0,0,0,0,0,0,0,0,0,0,0,0,0,0,0,0,0,0,0
24000663,79896975255043631,14,14,100247,0,0,0,23116,46592,0,0,0,0,0,0,0,0,0,0,0,0,0,0,0,0,0,0,0,0,0,0,0,0,0
24000664,31223963894597495,20,20,74342,0,0,0,54742,109568,0,0,0,0,0,0,0,0,12,0,0,0,0,0,0,324618,0,0,183198,0,90138,0,0,0,24
24000665,4042378402805367,14,14,14430,0,0,0,14798,29696,0,0,0,0,0,0,0,0,0,0,0,0,0,0,0,0,0,0,0,0,0,0,0,0,0
24000666,42666394050842338,14,14,104041,0,0,0,56235,113152,0,0,0,0,0,0,0,0,0,0,0,0,0,0,0,0,0,0,0,0,0,0,0,0,0
24000667,81790289969177354,58,58,102054,0,0,0,17101,34304,0,0,0,0,0,0,0,0,0,218954,0,0,17578,0,18039,0,0,0,0,0,0,0,0,0,21
24000668,21039871692962796,94,94,67447,0,0,0,57961,116736,0,0,0,0,0,0,0,0,0,0,0,0,0,0,0,0,0,0,0,0,0,0,0,0,0
24000669,3795657244786345,14,14,14259,0,0,0,21152,43008,0,0,0,0,0,0,0,0,0,0,0,0,0,0,0,0,0,0,0,0,0,0,0,0,0
24000670,68859205534751219,26,26,137319,0,0,0,95788,192000,0,0,0,0,0,0,0,0,2,601605,0,0,17578,0,18039,54103,0,0,30533,0,15023,0,0,0,69
24000671,80458647355719063,14,14,102940,0,0,0,20654,41472,0,0,0,0,0,0,0,0,0,0,0,0,0,0,0,0,0,0,0,0,0,0,0,0,0
24000672,37982089641256552,51,51,100054,0,0,0,69177,137728,0,0,0,0,0,0,0,0,0,199806,0,0,17578,0,18039,0,0,0,0,0,0,0,0,0,19
24000673,20071128860624941,18,18,50974,0,0,0,38603,77824,0,0,0,0,0,0,0,0,0,0,0,0,0,0,0,0,0,0,0,0,0,0,0,0,0
24000674,4516054529517292,14,14,16807,0,0,0,24984,50176,0,0,0,0,0,0,0,0,0,0,0,0,0,0,0,0,0,0,0,0,0,0,0,0,0
24000675,45580909385642404,57,57,126096,0,0,0,54505,109568,0,0,0,0,0,0,0,0,0,200207,0,0,17578,0,18039,0,0,0,0,0,0,0,0,0,19
24000676,79508134270784283,14,14,99791,0,0,0,16895,34304,0,0,0,0,0,0,0,0,0,0,0,0,0,0,0,0,0,0,0,0,0,0,0,0,0
24000677,58523936818141505,30,30,75089,0,0,0,83043,165888,0,0,0,0,0,0,0,0,4,1202894,0,0,35156,0,36078,108206,0,0,61066,0,30046,0,0,0,138
24000678,20905869823069101,20,20,68690,0,0,0,71899,144384,0,0,0,0,0,0,0,0,0,0,0,0,0,0,0,0,0,0,0,0,0,0,0,0,0
24000679,17110240428162846,14,14,60703,0,0,0,57026,113664,0,0,0,0,0,0,0,0,0,0,0,0,0,0,0,0,0,0,0,0,0,0,0,0,0
24000680,82237978092058119,23,23,106756,0,0,0,24400,49152,0,0,0,0,0,0,0,0,0,0,0,0,0,0,0,0,0,0,0,0,0,0,0,0,0
24000681,39259551241839249,24,24,77096,0,0,0,62607,125440,0,0,0,0,0,0,0,0,2,603467,0,0,17578,0,18039,54103,0,0,30533,0,15023,0,0,0,69
24000682,19029641835740846,14,14,67303,0,0,0,48526,97280,0,0,0,0,0,0,0,0,0,0,0,0,0,0,0,0,0,0,0,0,0,0,0,0,0
24000683,16234080783454945,14,14,59451,0,0,0,41076,82432,0,0,0,0,0,0,0,0,0,0,0,0,0,0,0,0,0,0,0,0,0,0,0,0,0
24000684,38231989232208263,14,14,116756,0,0,0,52190,104960,0,0,0,0,0,0,0,0,0,64600,0,0,22624,0,29805,0,0,0,0,0,0,0,0,0,1
24000685,33737282179553320,20,20,95955,0,0,0,38230,76800,0,0,0,0,0,0,0,0,0,0,0,0,0,0,0,0,0,0,0,0,0,0,0,0,0
24000686,12453445353345979,24,24,43571,0,0,0,39485,78848,0,0,0,0,0,0,0,0,2,0,0,0,0,0,0,54103,0,0,30533,0,15023,0,0,0,4
24000687,16142384446720743,18,18,55400,0,0,0,41857,83456,0,0,0,0,0,0,0,0,0,0,0,0,0,0,0,0,0,0,0,0,0,0,0,0,0
24000688,35068835025990000,14,14,107987,0,0,0,36039,72192,0,0,0,0,0,0,0,0,0,0,0,0,0,0,0,0,0,0,0,0,0,0,0,0,0
24000689,11679832298835236,14,14,44262,0,0,0,38427,76800,0,0,0,0,0,0,0,0,0,0,0,0,0,0,0,0,0,0,0,0,0,0,0,0,0
24000690,34658991908845593,14,14,110208,0,0,0,47244,95232,0,0,0,0,0,0,0,0,0,0,0,0,0,0,0,0,0,0,0,0,0,0,0,0,0
24000691,42669357650690969,56,56,73291,0,0,0,47085,94208,0,0,0,0,0,0,0,0,2,879356,0,0,52734,0,54117,54103,0,0,30533,0,15023,0,0,0,93
24000692,22851241067333478,30,30,64841,0,0,0,42327,84992,0,0,0,0,0,0,0,0,0,0,0,0,0,0,0,0,0,0,0,0,0,0,0,0,0
24000693,35059604458558131,14,14,116709,0,0,0,36814,73216,0,0,0,0,0,0,0,0,0,0,0,0,0,0,0,0,0,0,0,0,0,0,0,0,0
24000694,16807688222839119,14,14,61033,0,0,0,42313,84992,0,0,0,0,0,0,0,0,0,0,0,0,0,0,0,0,0,0,0,0,0,0,0,0,0
24000695,17801442765682470,14,14,65230,0,0,0,43680,88064,0,0,0,0,0,0,0,0,0,48840,0,0,17578,0,18039,0,0,0,0,0,0,0,0,0,2
24000696,80232461973707479,14,14,103978,0,0,0,26616,53248,0,0,0,0,0,0,0,0,0,0,0,0,0,0,0,0,0,0,0,0,0,0,0,0,0
24000697,37350477057119383,33,33,71204,0,0,0,55336,111104,0,0,0,0,0,0,0,0,2,600054,0,0,17578,0,18039,54103,0,0,30533,0,15023,0,0,0,69
24000698,28393381028656260,34,34,79486,0,0,0,40881,82432,0,0,0,0,0,0,0,0,0,0,0,0,0,0,0,0,0,0,0,0,0,0,0,0,0
24000699,5660948334116571,14,14,21175,0,0,0,21853,44032,0,0,0,0,0,0,0,0,0,0,0,0,0,0,0,0,0,0,0,0,0,0,0,0,0
24000700,33579696234950369,20,20,101073,0,0,0,67586,135680,0,0,0,0,0,0,0,0,0,0,0,0,0,0,0,0,0,0,0,0,0,0,0,0,0
24000701,29090166689918406,14,14,68382,0,0,0,36088,72704,0,0,0,0,0,0,0,0,0,0,0,0,0,0,0,0,0,0,0,0,0,0,0,0,0
24000702,59481879080713646,21,21,128185,0,0,0,71799,144384,0,0,0,0,0,0,0,0,2,675005,0,0,40202,0,47844,54103,0,0,30533,0,15023,0,0,0,71
24000703,92676851524622222,17,17,91353,0,0,0,68774,137728,0,0,0,0,0,0,0,0,6,1803552,0,0,52734,0,54117,162309,0,0,91599,0,45069,0,0,0,207
24000704,37023352829273440,23,23,114855,0,0,0,69738,139776,0,0,0,0,0,0,0,0,0,0,0,0,0,0,0,0,0,0,0,0,0,0,0,0,0
24000705,19644485744869475,18,18,60101,0,0,0,62095,124416,0,0,0,0,0,0,0,0,0,0,0,0,0,0,0,0,0,0,0,0,0,0,0,0,0
24000706,14149314780915170,18,18,48017,0,0,0,47988,96256,0,0,0,0,0,0,0,0,0,73102,0,0,22624,0,29805,0,0,0,0,0,0,0,0,0,2
24000707,11514196447936624,14,14,41248,0,0,0,46796,94720,0,0,0,0,0,0,0,0,0,0,0,0,0,0,0,0,0,0,0,0,0,0,0,0,0
24000708,26360639302068001,14,14,75870,0,0,0,47900,95744,0,0,0,0,0,0,0,0,0,48968,0,0,17578,0,18039,0,0,0,0,0,0,0,0,0,2
24000709,16407874334640151,14,14,28960,0,0,0,10437,20992,0,0,0,0,0,0,0,0,0,0,0,0,0,0,0,0,0,0,0,0,0,0,0,0,0
24000710,54444378693046466,14,14,147829,0,0,0,97522,195584,0,0,0,0,0,0,0,0,0,73874,0,0,17578,0,18039,0,0,0,0,0,0,0,0,0,5
24000711,46805959717399603,37,37,112937,0,0,0,50825,102400,0,0,0,0,0,0,0,0,2,0,0,0,0,0,0,54103,0,0,30533,0,15023,0,0,0,4
24000712,29477215306713105,22,22,80426,0,0,0,49400,99328,0,0,0,0,0,0,0,0,0,0,0,0,0,0,0,0,0,0,0,0,0,0,0,0,0
24000713,4603485088895902,14,14,17421,0,0,0,17208,34816,0,0,0,0,0,0,0,0,0,0,0,0,0,0,0,0,0,0,0,0,0,0,0,0,0
24000714,71647412226335837,14,14,178779,0,0,0,73390,147456,0,0,0,0,0,0,0,0,0,0,0,0,0,0,0,0,0,0,0,0,0,0,0,0,0
24000715,23061615443883073,14,14,78873,0,0,0,47393,95232,0,0,0,0,0,0,0,0,0,0,0,0,0,0,0,0,0,0,0,0,0,0,0,0,0
24000716,77710884854859697,30,30,115779,0,0,0,36611,73728,0,0,0,0,0,0,0,0,0,0,0,0,0,0,0,0,0,0,0,0,0,0,0,0,0
24000717,37102817055756155,19,19,108594,0,0,0,47928,96256,0,0,0,0,0,0,0,0,10,0,0,0,0,0,0,270515,0,0,152665,0,75115,0,0,0,20
24000718,21896348698901427,14,14,74369,0,0,0,74392,149504,0,0,0,0,0,0,0,0,0,0,0,0,0,0,0,0,0,0,0,0,0,0,0,0,0
24000719,13183980679055677,16,16,47569,0,0,0,49504,99328,0,0,0,0,0,0,0,0,0,0,0,0,0,0,0,0,0,0,0,0,0,0,0,0,0
24000720,29153394697715496,14,14,83944,0,0,0,62631,125952,0,0,0,0,0,0,0,0,0,0,0,0,0,0,0,0,0,0,0,0,0,0,0,0,0
24000721,26680179502203084,14,14,92537,0,0,0,53318,107008,0,0,0,0,0,0,0,0,0,0,0,0,0,0,0,0,0,0,0,0,0,0,0,0,0
24000722,17653586104015441,24,24,59502,0,0,0,52840,105984,0,0,0,0,0,0,0,0,2,0,0,0,0,0,0,54103,0,0,30533,0,15023,0,0,0,4
24000723,23163700515788148,14,14,68354,0,0,0,19163,38400,0,0,0,0,0,0,0,0,0,64890,0,0,22624,0,29805,0,0,0,0,0,0,0,0,0,1
24000724,19412222159579050,14,14,69020,0,0,0,61670,124416,0,0,0,0,0,0,0,0,0,0,0,0,0,0,0,0,0,0,0,0,0,0,0,0,0
24000725,19237281049212337,25,25,64469,0,0,0,49000,98304,0,0,0,0,0,0,0,0,0,0,0,0,0,0,0,0,0,0,0,0,0,0,0,0,0
24000726,31910085827315863,14,14,93555,0,0,0,28110,56320,0,0,0,0,0,0,0,0,0,0,0,0,0,0,0,0,0,0,0,0,0,0,0,0,0
24000727,27973539038310138,20,20,88138,0,0,0,62963,125952,0,0,0,0,0,0,0,0,2,0,0,0,0,0,0,54103,0,0,30533,0,15023,0,0,0,4
24000728,23154952944896774,14,14,76056,0,0,0,69933,139776,0,0,0,0,0,0,0,0,0,0,0,0,0,0,0,0,0,0,0,0,0,0,0,0,0
24000729,25934522826492162,16,16,91636,0,0,0,51536,103936,0,0,0,0,0,0,0,0,0,0,0,0,0,0,0,0,0,0,0,0,0,0,0,0,0
24000730,40224233431812050,19,19,99548,0,0,0,57246,115200,0,0,0,0,0,0,0,0,0,48666,0,0,17578,0,18039,0,0,0,0,0,0,0,0,0,2
24000731,40576029298898693,18,18,119721,0,0,0,42984,86528,0,0,0,0,0,0,0,0,0,0,0,0,0,0,0,0,0,0,0,0,0,0,0,0,0
24000732,32638389381452885,14,14,78210,0,0,0,33127,66560,0,0,0,0,0,0,0,0,0,0,0,0,0,0,0,0,0,0,0,0,0,0,0,0,0
24000733,25845088182137650,14,14,85006,0,0,0,68847,138240,0,0,0,0,0,0,0,0,0,0,0,0,0,0,0,0,0,0,0,0,0,0,0,0,0
24000734,25348227983952270,30,30,78491,0,0,0,54899,110592,0,0,0,0,0,0,0,0,0,0,0,0,0,0,0,0,0,0,0,0,0,0,0,0,0
24000735,32100576509332942,14,14,100692,0,0,0,50070,100352,0,0,0,0,0,0,0,0,0,0,0,0,0,0,0,0,0,0,0,0,0,0,0,0,0
24000736,36041830663553732,14,14,79937,0,0,0,48820,98304,0,0,0,0,0,0,0,0,0,64927,0,0,22624,0,29805,0,0,0,0,0,0,0,0,0,1
24000737,63153701631950725,14,14,106830,0,0,0,61889,123904,0,0,0,0,0,0,0,0,0,0,0,0,0,0,0,0,0,0,0,0,0,0,0,0,0
24000738,74336137150165500,23,23,121929,0,0,0,44080,88576,0,0,0,0,0,0,0,0,0,0,0,0,0,0,0,0,0,0,0,0,0,0,0,0,0
24000739,24256509953068348,16,16,62596,0,0,0,43278,87040,0,0,0,0,0,0,0,0,0,0,0,0,0,0,0,0,0,0,0,0,0,0,0,0,0
24000740,67143206716957073,14,14,108725,0,0,0,40477,81408,0,0,0,0,0,0,0,0,0,0,0,0,0,0,0,0,0,0,0,0,0,0,0,0,0
24000741,33718024870775283,18,18,73955,0,0,0,44047,88064,0,0,0,0,0,0,0,0,0,0,0,0,0,0,0,0,0,0,0,0,0,0,0,0,0
24000742,27403408312347854,23,23,64444,0,0,0,47945,96256,0,0,0,0,0,0,0,0,0,0,0,0,0,0,0,0,0,0,0,0,0,0,0,0,0
24000743,63050599169925993,19,19,101282,0,0,0,64713,130048,0,0,0,0,0,0,0,0,0,0,0,0,0,0,0,0,0,0,0,0,0,0,0,0,0
24000744,20522750423671597,14,14,54993,0,0,0,30302,60928,0,0,0,0,0,0,0,0,0,0,0,0,0,0,0,0,0,0,0,0,0,0,0,0,0
24000745,47888827477603419,26,26,102085,0,0,0,48803,97792,0,0,0,0,0,0,0,0,0,0,0,0,0,0,0,0,0,0,0,0,0,0,0,0,0
24000746,23515400307429110,18,18,61070,0,0,0,40782,82432,0,0,0,0,0,0,0,0,0,0,0,0,0,0,0,0,0,0,0,0,0,0,0,0,0
24000747,68958708462561381,18,18,110566,0,0,0,42815,86016,0,0,0,0,0,0,0,0,0,0,0,0,0,0,0,0,0,0,0,0,0,0,0,0,0
24000748,29072162909654896,14,14,61765,0,0,0,40799,81920,0,0,0,0,0,0,0,0,0,0,0,0,0,0,0,0,0,0,0,0,0,0,0,0,0
24000749,14575255454008411,16,16,51863,0,0,0,55221,110592,0,0,0,0,0,0,0,0,0,0,0,0,0,0,0,0,0,0,0,0,0,0,0,0,0
24000750,14065189413093952,18,18,50855,0,0,0,40185,80896,0,0,0,0,0,0,0,0,0,0,0,0,0,0,0,0,0,0,0,0,0,0,0,0,0
24000751,16718441385982782,20,20,57972,0,0,0,55343,111104,0,0,0,0,0,0,0,0,0,0,0,0,0,0,0,0,0,0,0,0,0,0,0,0,0
24000752,29282518380895636,31,31,76590,0,0,0,46989,94208,0,0,0,0,0,0,0,0,0,219316,0,0,17578,0,18039,0,0,0,0,0,0,0,0,0,21
24000753,61297070389109481,14,14,112419,0,0,0,57583,115200,0,0,0,0,0,0,0,0,0,0,0,0,0,0,0,0,0,0,0,0,0,0,0,0,0
24000754,24150386129483438,20,20,60334,0,0,0,38977,78336,0,0,0,0,0,0,0,0,0,0,0,0,0,0,0,0,0,0,0,0,0,0,0,0,0
24000755,65278314391092921,14,14,103726,0,0,0,53590,107520,0,0,0,0,0,0,0,0,0,0,0,0,0,0,0,0,0,0,0,0,0,0,0,0,0
24000756,21853209919408023,14,14,59360,0,0,0,41715,83968,0,0,0,0,0,0,0,0,0,0,0,0,0,0,0,0,0,0,0,0,0,0,0,0,0
24000757,36078021050884720,14,14,87102,0,0,0,42204,84992,0,0,0,0,0,0,0,0,0,0,0,0,0,0,0,0,0,0,0,0,0,0,0,0,0
24000758,50067455747196935,30,30,120331,0,0,0,71028,143360,0,0,0,0,0,0,0,0,0,0,0,0,0,0,0,0,0,0,0,0,0,0,0,0,0
24000759,21567860027321705,16,16,56578,0,0,0,44382,89088,0,0,0,0,0,0,0,0,0,0,0,0,0,0,0,0,0,0,0,0,0,0,0,0,0
24000760,23137057989908539,14,14,56665,0,0,0,43939,88064,0,0,0,0,0,0,0,0,0,75622,0,0,17578,0,18039,0,0,0,0,0,0,0,0,0,5
24000761,73676077982505576,51,51,124022,0,0,0,53610,108032,0,0,0,0,0,0,0,0,0,200944,0,0,17578,0,18039,0,0,0,0,0,0,0,0,0,19
24000762,25424512695229617,15,15,66545,0,0,0,41218,82944,0,0,0,0,0,0,0,0,2,0,0,0,0,0,0,54103,0,0,30533,0,15023,0,0,0,4
24000763,58223768752072295,51,51,93866,0,0,0,58642,118784,0,0,0,0,0,0,0,0,0,201849,0,0,17578,0,18039,0,0,0,0,0,0,0,0,0,19
24000764,19992785621577477,30,30,67017,0,0,0,55162,111104,0,0,0,0,0,0,0,0,0,0,0,0,0,0,0,0,0,0,0,0,0,0,0,0,0
24000765,25277462980930193,52,52,73991,0,0,0,50093,100864,0,0,0,0,0,0,0,0,2,200842,0,0,17578,0,18039,54103,0,0,30533,0,15023,0,0,0,23
24000766,17387719238037014,14,14,61129,0,0,0,49147,98816,0,0,0,0,0,0,0,0,0,0,0,0,0,0,0,0,0,0,0,0,0,0,0,0,0
24000767,3991326624507146,14,14,15903,0,0,0,17881,35840,0,0,0,0,0,0,0,0,0,0,0,0,0,0,0,0,0,0,0,0,0,0,0,0,0
24000768,50424352381276686,25,25,125388,0,0,0,78859,158208,0,0,0,0,0,0,0,0,0,349276,0,0,35156,0,36078,0,0,0,0,0,0,0,0,0,32
24000769,20189080089521649,20,20,67034,0,0,0,48812,97792,0,0,0,0,0,0,0,0,0,0,0,0,0,0,0,0,0,0,0,0,0,0,0,0,0
24000770,34244365606089358,14,14,83246,0,0,0,67413,135168,0,0,0,0,0,0,0,0,0,0,0,0,0,0,0,0,0,0,0,0,0,0,0,0,0
24000771,33968454090044265,51,51,92557,0,0,0,38014,76288,0,0,0,0,0,0,0,0,0,199410,0,0,17578,0,18039,0,0,0,0,0,0,0,0,0,19
24000772,68584909958662806,42,42,170196,0,0,0,87390,176128,0,0,0,0,0,0,0,0,0,0,0,0,0,0,0,0,0,0,0,0,0,0,0,0,0
24000773,32710301501875502,14,14,74125,0,0,0,37634,75264,0,0,0,0,0,0,0,0,0,0,0,0,0,0,0,0,0,0,0,0,0,0,0,0,0
24000774,12397443782298733,14,14,33375,0,0,0,9734,19456,0,0,0,0,0,0,0,0,0,0,0,0,0,0,0,0,0,0,0,0,0,0,0,0,0
24000775,46288700145997132,14,14,148838,0,0,0,121426,244224,0,0,0,0,0,0,0,0,0,74420,0,0,17578,0,18039,0,0,0,0,0,0,0,0,0,5
24000776,85168033076067816,23,23,184258,0,0,0,63554,126976,0,0,0,0,0,0,0,0,0,151581,0,0,35156,0,36078,0,0,0,0,0,0,0,0,0,10
24000777,40850396003327341,18,18,97962,0,0,0,42460,85504,0,0,0,0,0,0,0,0,0,74101,0,0,22624,0,29805,0,0,0,0,0,0,0,0,0,2
24000778,27844511232660257,14,14,80424,0,0,0,53239,106496,0,0,0,0,0,0,0,0,0,0,0,0,0,0,0,0,0,0,0,0,0,0,0,0,0
24000779,73073338022364327,14,14,120935,0,0,0,58395,117248,0,0,0,0,0,0,0,0,0,0,0,0,0,0,0,0,0,0,0,0,0,0,0,0,0
24000780,15602784815903141,14,14,50911,0,0,0,38083,76288,0,0,0,0,0,0,0,0,0,75355,0,0,17578,0,18039,0,0,0,0,0,0,0,0,0,5
24000781,55572296374499275,14,14,129925,0,0,0,60411,121344,0,0,0,0,0,0,0,0,0,75240,0,0,17578,0,18039,0,0,0,0,0,0,0,0,0,5
24000782,25552879407599681,14,14,69924,0,0,0,53579,107520,0,0,0,0,0,0,0,0,0,0,0,0,0,0,0,0,0,0,0,0,0,0,0,0,0
24000783,78337025047962573,19,19,129333,0,0,0,67199,134656,0,0,0,0,0,0,0,0,0,91756,0,0,22624,0,29805,0,0,0,0,0,0,0,0,0,4
24000784,26152997217662673,14,14,70119,0,0,0,56294,112640,0,0,0,0,0,0,0,0,0,0,0,0,0,0,0,0,0,0,0,0,0,0,0,0,0
24000785,21757001789281118,18,18,77729,0,0,0,48354,96768,0,0,0,0,0,0,0,0,0,0,0,0,0,0,0,0,0,0,0,0,0,0,0,0,0
24000786,23563104535809566,14,14,64401,0,0,0,45621,91648,0,0,0,0,0,0,0,0,0,0,0,0,0,0,0,0,0,0,0,0,0,0,0,0,0
24000787,58745923149031121,14,14,104107,0,0,0,47746,95232,0,0,0,0,0,0,0,0,0,0,0,0,0,0,0,0,0,0,0,0,0,0,0,0,0
24000788,25278669125200160,23,23,62785,0,0,0,42502,84992,0,0,0,0,0,0,0,0,0,0,0,0,0,0,0,0,0,0,0,0,0,0,0,0,0
24000789,63568740419163006,14,14,115370,0,0,0,68236,137216,0,0,0,0,0,0,0,0,0,0,0,0,0,0,0,0,0,0,0,0,0,0,0,0,0
24000790,78528211076105008,14,14,106840,0,0,0,33623,67584,0,0,0,0,0,0,0,0,0,0,0,0,0,0,0,0,0,0,0,0,0,0,0,0,0
24000791,21228500158537155,51,51,67163,0,0,0,54009,108032,0,0,0,0,0,0,0,0,0,201131,0,0,17578,0,18039,0,0,0,0,0,0,0,0,0,19
24000792,17794535683106953,14,14,64386,0,0,0,50628,102400,0,0,0,0,0,0,0,0,0,0,0,0,0,0,0,0,0,0,0,0,0,0,0,0,0
24000793,26034854664589638,14,14,68280,0,0,0,64934,130048,0,0,0,0,0,0,0,0,0,0,0,0,0,0,0,0,0,0,0,0,0,0,0,0,0
24000794,57911126160022386,14,14,99715,0,0,0,59350,119296,0,0,0,0,0,0,0,0,0,0,0,0,0,0,0,0,0,0,0,0,0,0,0,0,0
24000795,20473677794327942,14,14,72388,0,0,0,50237,100864,0,0,0,0,0,0,0,0,0,0,0,0,0,0,0,0,0,0,0,0,0,0,0,0,0
24000796,19919627271908237,51,51,64891,0,0,0,67398,135168,0,0,0,0,0,0,0,0,0,201433,0,0,17578,0,18039,0,0,0,0,0,0,0,0,0,19
24000797,19459228726908512,79,79,61682,0,0,0,49801,99840,0,0,0,0,0,0,0,0,0,217078,0,0,17578,0,18039,0,0,0,0,0,0,0,0,0,21
24000798,34438715416262772,69,69,95496,0,0,0,73583,147968,0,0,0,0,0,0,0,0,0,202035,0,0,17578,0,18039,0,0,0,0,0,0,0,0,0,19
24000799,63500679643867169,22,22,115081,0,0,0,54544,109568,0,0,0,0,0,0,0,0,0,48500,0,0,17578,0,18039,0,0,0,0,0,0,0,0,0,2
24000800,78300874622421530,30,30,105186,0,0,0,32214,65024,0,0,0,0,0,0,0,0,0,0,0,0,0,0,0,0,0,0,0,0,0,0,0,0,0
24000801,22692810740630731,15,15,79982,0,0,0,57358,114688,0,0,0,0,0,0,0,0,2,0,0,0,0,0,0,54103,0,0,30533,0,15023,0,0,0,4
24000802,12619270103201467,14,14,43404,0,0,0,29374,59392,0,0,0,0,0,0,0,0,0,0,0,0,0,0,0,0,0,0,0,0,0,0,0,0,0
24000803,22013277001785814,14,14,60261,0,0,0,41875,84480,0,0,0,0,0,0,0,0,0,0,0,0,0,0,0,0,0,0,0,0,0,0,0,0,0
24000804,60991016094175969,14,14,107694,0,0,0,83819,168960,0,0,0,0,0,0,0,0,0,0,0,0,0,0,0,0,0,0,0,0,0,0,0,0,0
24000805,79182601131463474,14,14,100620,0,0,0,30204,60928,0,0,0,0,0,0,0,0,0,216401,0,0,17578,0,18039,0,0,0,0,0,0,0,0,0,21
24000806,39704900613196044,26,26,83543,0,0,0,40629,81408,0,0,0,0,0,0,0,0,0,66834,0,0,17578,0,18039,0,0,0,0,0,0,0,0,0,4
24000807,7855947376179345,15,15,20746,0,0,0,20642,41472,0,0,0,0,0,0,0,0,2,218359,0,0,17578,0,18039,54103,0,0,30533,0,15023,0,0,0,25
24000808,29597769129472034,18,18,91552,0,0,0,73348,147456,0,0,0,0,0,0,0,0,0,219113,0,0,17578,0,18039,0,0,0,0,0,0,0,0,0,21
24000809,24914598841819802,14,14,60771,0,0,0,40597,81920,0,0,0,0,0,0,0,0,0,215652,0,0,17578,0,18039,0,0,0,0,0,0,0,0,0,21
24000810,66667255523613630,14,14,101914,0,0,0,50618,101888,0,0,0,0,0,0,0,0,0,218449,0,0,17578,0,18039,0,0,0,0,0,0,0,0,0,21
24000811,70730328538986806,34,34,112903,0,0,0,50192,100864,0,0,0,0,0,0,0,0,0,0,0,0,0,0,0,0,0,0,0,0,0,0,0,0,0
24000812,55899282900164469,35,35,88183,0,0,0,41364,83456,0,0,0,0,0,0,0,0,0,0,0,0,0,0,0,0,0,0,0,0,0,0,0,0,0
24000813,22034607875635667,14,14,57041,0,0,0,36005,72704,0,0,0,0,0,0,0,0,0,0,0,0,0,0,0,0,0,0,0,0,0,0,0,0,0
24000814,13507768558318910,14,14,46692,0,0,0,47246,95232,0,0,0,0,0,0,0,0,0,0,0,0,0,0,0,0,0,0,0,0,0,0,0,0,0
24000815,6911572413832539,14,14,23757,0,0,0,26085,52224,0,0,0,0,0,0,0,0,0,0,0,0,0,0,0,0,0,0,0,0,0,0,0,0,0
24000816,28495411735166284,23,23,95351,0,0,0,77771,156160,0,0,0,0,0,0,0,0,0,0,0,0,0,0,0,0,0,0,0,0,0,0,0,0,0
24000817,29638271326794291,24,24,92005,0,0,0,63024,125952,0,0,0,0,0,0,0,0,0,0,0,0,0,0,0,0,0,0,0,0,0,0,0,0,0
24000818,13313500881629631,14,14,44819,0,0,0,44531,89088,0,0,0,0,0,0,0,0,0,89527,0,0,22624,0,29805,0,0,0,0,0,0,0,0,0,7
24000819,61370826490501416,15,15,105529,0,0,0,61353,123392,0,0,0,0,0,0,0,0,2,598730,0,0,17578,0,18039,54103,0,0,30533,0,15023,0,0,0,69
24000820,54533149784981248,14,14,97539,0,0,0,53609,107520,0,0,0,0,0,0,0,0,0,0,0,0,0,0,0,0,0,0,0,0,0,0,0,0,0
24000821,14621091102195091,14,14,44754,0,0,0,34619,69632,0,0,0,0,0,0,0,0,0,0,0,0,0,0,0,0,0,0,0,0,0,0,0,0,0
24000822,15507643935510991,14,14,53755,0,0,0,52378,105472,0,0,0,0,0,0,0,0,0,0,0,0,0,0,0,0,0,0,0,0,0,0,0,0,0
24000823,49540127758643947,28,28,80632,0,0,0,64784,130560,0,0,0,0,0,0,0,0,2,598218,0,0,17578,0,18039,54103,0,0,30533,0,15023,0,0,0,69
24000824,12658341285194542,14,14,45157,0,0,0,47291,95232,0,0,0,0,0,0,0,0,0,0,0,0,0,0,0,0,0,0,0,0,0,0,0,0,0
24000825,62344566591186341,20,20,109416,0,0,0,69448,140288,0,0,0,0,0,0,0,0,12,599616,0,0,17578,0,18039,324618,0,0,183198,0,90138,0,0,0,89
24000826,47807909760649020,15,15,123996,0,0,0,46955,94720,0,0,0,0,0,0,0,0,2,0,0,0,0,0,0,54103,0,0,30533,0,15023,0,0,0,4
24000827,18730780537793162,14,14,65690,0,0,0,53289,107008,0,0,0,0,0,0,0,0,0,0,0,0,0,0,0,0,0,0,0,0,0,0,0,0,0
24000828,31079332857840926,14,14,80271,0,0,0,61823,123904,0,0,0,0,0,0,0,0,0,0,0,0,0,0,0,0,0,0,0,0,0,0,0,0,0
24000829,33976921579281298,24,24,56302,0,0,0,60610,122368,0,0,0,0,0,0,0,0,2,599440,0,0,17578,0,18039,54103,0,0,30533,0,15023,0,0,0,69
24000830,65130951865799338,15,15,128556,0,0,0,70705,142336,0,0,0,0,0,0,0,0,2,601855,0,0,17578,0,18039,54103,0,0,30533,0,15023,0,0,0,69
24000831,14863812530740101,16,16,52394,0,0,0,53701,107520,0,0,0,0,0,0,0,0,0,0,0,0,0,0,0,0,0,0,0,0,0,0,0,0,0
24000832,41726026140875968,14,14,105380,0,0,0,41920,84480,0,0,0,0,0,0,0,0,0,0,0,0,0,0,0,0,0,0,0,0,0,0,0,0,0
24000833,41607415455222646,23,23,90999,0,0,0,53764,107520,0,0,0,0,0,0,0,0,0,0,0,0,0,0,0,0,0,0,0,0,0,0,0,0,0
24000834,38200530493421275,15,15,64891,0,0,0,66794,134144,0,0,0,0,0,0,0,0,2,596757,0,0,17578,0,18039,54103,0,0,30533,0,15023,0,0,0,69
24000835,10753195193420332,23,23,38667,0,0,0,48233,96768,0,0,0,0,0,0,0,0,0,0,0,0,0,0,0,0,0,0,0,0,0,0,0,0,0
24000836,65191505858047278,14,14,106481,0,0,0,40172,80896,0,0,0,0,0,0,0,0,0,65172,0,0,22624,0,29805,0,0,0,0,0,0,0,0,0,1
24000837,24304402510615863,14,14,71579,0,0,0,48368,97280,0,0,0,0,0,0,0,0,0,0,0,0,0,0,0,0,0,0,0,0,0,0,0,0,0
24000838,34997352333135677,14,14,90879,0,0,0,49494,99328,0,0,0,0,0,0,0,0,0,48550,0,0,17578,0,18039,0,0,0,0,0,0,0,0,0,2
24000839,4960853298654241,14,14,18131,0,0,0,31844,64512,0,0,0,0,0,0,0,0,0,0,0,0,0,0,0,0,0,0,0,0,0,0,0,0,0
24000840,34193588481122420,16,16,112465,0,0,0,90707,182272,0,0,0,0,0,0,0,0,0,0,0,0,0,0,0,0,0,0,0,0,0,0,0,0,0
24000841,23841513579692520,30,30,72590,0,0,0,45468,91648,0,0,0,0,0,0,0,0,0,0,0,0,0,0,0,0,0,0,0,0,0,0,0,0,0
24000842,33872670222308123,14,14,89544,0,0,0,57775,116224,0,0,0,0,0,0,0,0,0,0,0,0,0,0,0,0,0,0,0,0,0,0,0,0,0
24000843,51628115549017647,15,15,87996,0,0,0,49851,100864,0,0,0,0,0,0,0,0,2,602797,0,0,17578,0,18039,54103,0,0,30533,0,15023,0,0,0,69
24000844,32147309770385541,62,62,78936,0,0,0,48751,97792,0,0,0,0,0,0,0,0,0,217935,0,0,17578,0,18039,0,0,0,0,0,0,0,0,0,21
24000845,42815719292377179,14,14,99120,0,0,0,43456,87552,0,0,0,0,0,0,0,0,0,92199,0,0,22624,0,29805,0,0,0,0,0,0,0,0,0,4
24000846,81228035775365518,14,14,101400,0,0,0,17469,35328,0,0,0,0,0,0,0,0,0,0,0,0,0,0,0,0,0,0,0,0,0,0,0,0,0
24000847,78294844353396192,15,15,125550,0,0,0,42109,84480,0,0,0,0,0,0,0,0,2,0,0,0,0,0,0,54103,0,0,30533,0,15023,0,0,0,4
24000848,16310806517718274,27,27,52731,0,0,0,45212,90624,0,0,0,0,0,0,0,0,0,0,0,0,0,0,0,0,0,0,0,0,0,0,0,0,0
24000849,3434386958952786,14,14,12209,0,0,0,18137,36352,0,0,0,0,0,0,0,0,0,0,0,0,0,0,0,0,0,0,0,0,0,0,0,0,0
24000850,154253785041616778,20,20,124355,0,0,0,113319,229376,0,0,0,0,0,0,0,0,12,3604928,0,0,105468,0,108234,324618,0,0,183198,0,90138,0,0,0,414
24000851,25869989276272621,15,15,27021,0,0,0,35492,71680,0,0,0,0,0,0,0,0,2,601206,0,0,17578,0,18039,54103,0,0,30533,0,15023,0,0,0,69
24000852,36816310053862485,31,31,117775,0,0,0,94340,189952,0,0,0,0,0,0,0,0,0,0,0,0,0,0,0,0,0,0,0,0,0,0,0,0,0
24000853,7076099758723660,14,14,24535,0,0,0,26095,52224,0,0,0,0,0,0,0,0,0,0,0,0,0,0,0,0,0,0,0,0,0,0,0,0,0
24000854,65923706773728725,14,14,163484,0,0,0,73241,146944,0,0,0,0,0,0,0,0,0,0,0,0,0,0,0,0,0,0,0,0,0,0,0,0,0
24000855,32952209336716292,14,14,87045,0,0,0,44515,89600,0,0,0,0,0,0,0,0,0,0,0,0,0,0,0,0,0,0,0,0,0,0,0,0,0
24000856,38449464565458271,18,18,87529,0,0,0,68906,138240,0,0,0,0,0,0,0,0,0,0,0,0,0,0,0,0,0,0,0,0,0,0,0,0,0
24000857,40853474890376400,14,14,85587,0,0,0,42873,86016,0,0,0,0,0,0,0,0,0,150769,0,0,35156,0,36078,0,0,0,0,0,0,0,0,0,10
24000858,57634230140452022,31,31,98901,0,0,0,67284,134656,0,0,0,0,0,0,0,0,2,676741,0,0,35156,0,36078,54103,0,0,30533,0,15023,0,0,0,74
24000859,29735339513744218,14,14,74544,0,0,0,43765,88064,0,0,0,0,0,0,0,0,0,75545,0,0,17578,0,18039,0,0,0,0,0,0,0,0,0,5
24000860,3427924504026180,14,14,12410,0,0,0,11665,23552,0,0,0,0,0,0,0,0,0,0,0,0,0,0,0,0,0,0,0,0,0,0,0,0,0
24000861,61446823555472263,14,14,148958,0,0,0,78389,157696,0,0,0,0,0,0,0,0,0,75073,0,0,17578,0,18039,0,0,0,0,0,0,0,0,0,5
24000862,98334607220151573,24,24,148472,0,0,0,67548,136192,0,0,0,0,0,0,0,0,4,1491726,0,0,75358,0,83922,108206,0,0,61066,0,30046,0,0,0,161
24000863,21753596070016531,14,14,46302,0,0,0,33636,67584,0,0,0,0,0,0,0,0,0,75097,0,0,17578,0,18039,0,0,0,0,0,0,0,0,0,5
24000864,39054026406796170,14,14,93943,0,0,0,49728,100352,0,0,0,0,0,0,0,0,0,124252,0,0,35156,0,36078,0,0,0,0,0,0,0,0,0,7
24000865,42650339001441599,14,14,108232,0,0,0,72388,144896,0,0,0,0,0,0,0,0,0,74810,0,0,17578,0,18039,0,0,0,0,0,0,0,0,0,5
24000866,7180967130478145,14,14,25963,0,0,0,23385,47104,0,0,0,0,0,0,0,0,0,0,0,0,0,0,0,0,0,0,0,0,0,0,0,0,0
24000867,41500535497326610,14,14,115000,0,0,0,77180,154624,0,0,0,0,0,0,0,0,0,0,0,0,0,0,0,0,0,0,0,0,0,0,0,0,0
24000868,53684260755168747,14,14,123079,0,0,0,80875,162816,0,0,0,0,0,0,0,0,0,0,0,0,0,0,0,0,0,0,0,0,0,0,0,0,0
24000869,16630099847933921,55,55,58979,0,0,0,49421,99328,0,0,0,0,0,0,0,0,0,0,0,0,0,0,0,0,0,0,0,0,0,0,0,0,0
24000870,81354186008983559,23,23,104030,0,0,0,19623,39424,0,0,0,0,0,0,0,0,0,0,0,0,0,0,0,0,0,0,0,0,0,0,0,0,0
24000871,71431234051465025,14,14,125250,0,0,0,59610,119808,0,0,0,0,0,0,0,0,0,219097,0,0,17578,0,18039,0,0,0,0,0,0,0,0,0,21
24000872,50362617430192039,21,21,75124,0,0,0,52025,105472,0,0,0,0,0,0,0,0,2,871458,0,0,52734,0,54117,54103,0,0,30533,0,15023,0,0,0,92
24000873,18572431250429349,55,55,55461,0,0,0,42936,86528,0,0,0,0,0,0,0,0,0,422237,0,0,35156,0,36078,0,0,0,0,0,0,0,0,0,40
24000874,12114685022399522,14,14,44444,0,0,0,38436,77312,0,0,0,0,0,0,0,0,0,0,0,0,0,0,0,0,0,0,0,0,0,0,0,0,0
24000875,66579740955945192,52,52,120054,0,0,0,52270,105472,0,0,0,0,0,0,0,0,2,1020458,0,0,52734,0,54117,54103,0,0,30533,0,15023,0,0,0,109
24000876,13086293050667254,14,14,40663,0,0,0,46879,93696,0,0,0,0,0,0,0,0,0,219732,0,0,17578,0,18039,0,0,0,0,0,0,0,0,0,21
24000877,77455965340978274,30,30,182713,0,0,0,82716,166400,0,0,0,0,0,0,0,0,0,266362,0,0,35156,0,36078,0,0,0,0,0,0,0,0,0,23
24000878,81518111567073084,14,14,107055,0,0,0,23495,47104,0,0,0,0,0,0,0,0,0,0,0,0,0,0,0,0,0,0,0,0,0,0,0,0,0
24000879,26988749113523162,14,14,68935,0,0,0,51852,104448,0,0,0,0,0,0,0,0,0,0,0,0,0,0,0,0,0,0,0,0,0,0,0,0,0
24000880,40330614380010341,14,14,107321,0,0,0,52556,105472,0,0,0,0,0,0,0,0,0,0,0,0,0,0,0,0,0,0,0,0,0,0,0,0,0
24000881,24553618950091672,23,23,57345,0,0,0,40667,81408,0,0,0,0,0,0,0,0,0,0,0,0,0,0,0,0,0,0,0,0,0,0,0,0,0
24000882,17479492327108120,14,14,55487,0,0,0,50956,102400,0,0,0,0,0,0,0,0,0,218565,0,0,17578,0,18039,0,0,0,0,0,0,0,0,0,21
24000883,46265205003326413,15,15,71019,0,0,0,49258,99328,0,0,0,0,0,0,0,0,2,599519,0,0,17578,0,18039,54103,0,0,30533,0,15023,0,0,0,69
24000884,81494483819721704,14,14,102466,0,0,0,15578,31232,0,0,0,0,0,0,0,0,0,0,0,0,0,0,0,0,0,0,0,0,0,0,0,0,0
24000885,63196232235442003,20,20,154197,0,0,0,77708,155648,0,0,0,0,0,0,0,0,0,217225,0,0,17578,0,18039,0,0,0,0,0,0,0,0,0,21
24000886,11683055237740990,20,20,43326,0,0,0,37710,76288,0,0,0,0,0,0,0,0,0,0,0,0,0,0,0,0,0,0,0,0,0,0,0,0,0
24000887,18292297967757055,24,24,60606,0,0,0,58620,117760,0,0,0,0,0,0,0,0,2,0,0,0,0,0,0,54103,0,0,30533,0,15023,0,0,0,4
24000888,43098020004048989,14,14,108425,0,0,0,55772,111616,0,0,0,0,0,0,0,0,0,0,0,0,0,0,0,0,0,0,0,0,0,0,0,0,0
24000889,12282967649286574,14,14,44114,0,0,0,44159,89088,0,0,0,0,0,0,0,0,0,0,0,0,0,0,0,0,0,0,0,0,0,0,0,0,0
24000890,78742072742012963,18,18,24144,0,0,0,47547,96768,0,0,0,0,0,0,0,0,8,2409719,0,0,70312,0,72156,216412,0,0,122132,0,60092,0,0,0,276
24000891,38984667637496033,20,20,109278,0,0,0,71259,143360,0,0,0,0,0,0,0,0,0,0,0,0,0,0,0,0,0,0,0,0,0,0,0,0,0
24000892,47899902694743670,14,14,128921,0,0,0,54722,110080,0,0,0,0,0,0,0,0,0,0,0,0,0,0,0,0,0,0,0,0,0,0,0,0,0
24000893,13984395499292331,30,30,49814,0,0,0,51124,102400,0,0,0,0,0,0,0,0,0,0,0,0,0,0,0,0,0,0,0,0,0,0,0,0,0
24000894,27094772102821714,14,14,65028,0,0,0,34030,68608,0,0,0,0,0,0,0,0,0,0,0,0,0,0,0,0,0,0,0,0,0,0,0,0,0
24000895,57895999254292909,51,51,141496,0,0,0,61944,124416,0,0,0,0,0,0,0,0,0,200647,0,0,17578,0,18039,0,0,0,0,0,0,0,0,0,19
24000896,14839718356741417,14,14,54501,0,0,0,37999,76800,0,0,0,0,0,0,0,0,0,0,0,0,0,0,0,0,0,0,0,0,0,0,0,0,0
24000897,8035330548111089,14,14,29372,0,0,0,31158,62976,0,0,0,0,0,0,0,0,0,0,0,0,0,0,0,0,0,0,0,0,0,0,0,0,0
24000898,29964840554794630,14,14,86398,0,0,0,66036,133120,0,0,0,0,0,0,0,0,0,0,0,0,0,0,0,0,0,0,0,0,0,0,0,0,0
24000899,70275927163439989,35,35,162965,0,0,0,55115,110592,0,0,0,0,0,0,0,0,0,0,0,0,0,0,0,0,0,0,0,0,0,0,0,0,0
24000900,11155617888776178,14,14,38540,0,0,0,33159,66560,0,0,0,0,0,0,0,0,0,0,0,0,0,0,0,0,0,0,0,0,0,0,0,0,0
24000901,39073099430225634,14,14,96868,0,0,0,52124,104960,0,0,0,0,0,0,0,0,0,48798,0,0,17578,0,18039,0,0,0,0,0,0,0,0,0,2
24000902,76124328655543355,14,14,107682,0,0,0,38792,78336,0,0,0,0,0,0,0,0,0,0,0,0,0,0,0,0,0,0,0,0,0,0,0,0,0
24000903,76321697710898122,18,18,102446,0,0,0,31761,62976,0,0,0,0,0,0,0,0,0,0,0,0,0,0,0,0,0,0,0,0,0,0,0,0,0
24000904,79193800546308535,51,51,112637,0,0,0,38788,78336,0,0,0,0,0,0,0,0,0,199606,0,0,17578,0,18039,0,0,0,0,0,0,0,0,0,19
24000905,80788101614581793,76,76,112899,0,0,0,35457,70656,0,0,0,0,0,0,0,0,0,219236,0,0,17578,0,18039,0,0,0,0,0,0,0,0,0,21
24000906,78893634385460898,14,14,131842,0,0,0,39758,79872,0,0,0,0,0,0,0,0,0,0,0,0,0,0,0,0,0,0,0,0,0,0,0,0,0
24000907,70554179504383934,14,14,106618,0,0,0,37433,75264,0,0,0,0,0,0,0,0,0,0,0,0,0,0,0,0,0,0,0,0,0,0,0,0,0
24000908,12730757001450407,14,14,49594,0,0,0,31484,62976,0,0,0,0,0,0,0,0,0,0,0,0,0,0,0,0,0,0,0,0,0,0,0,0,0
24000909,48294464996723190,51,51,85207,0,0,0,53817,108032,0,0,0,0,0,0,0,0,0,200368,0,0,17578,0,18039,0,0,0,0,0,0,0,0,0,19
24000910,65177434082528800,51,51,105149,0,0,0,37537,75264,0,0,0,0,0,0,0,0,0,200827,0,0,17578,0,18039,0,0,0,0,0,0,0,0,0,19
24000911,11211972293219072,27,27,40727,0,0,0,37879,75776,0,0,0,0,0,0,0,0,0,0,0,0,0,0,0,0,0,0,0,0,0,0,0,0,0
24000912,8411589143835898,15,15,25381,0,0,0,37424,75264,0,0,0,0,0,0,0,0,2,0,0,0,0,0,0,54103,0,0,30533,0,15023,0,0,0,4
24000913,70709069843349755,18,18,121528,0,0,0,57690,115712,0,0,0,0,0,0,0,0,0,0,0,0,0,0,0,0,0,0,0,0,0,0,0,0,0
24000914,20482143601363302,24,24,50462,0,0,0,49140,98816,0,0,0,0,0,0,0,0,0,751561,0,0,17578,0,18039,0,0,0,0,0,0,0,0,0,79
24000915,66233056735988857,14,14,113938,0,0,0,50931,102400,0,0,0,0,0,0,0,0,0,0,0,0,0,0,0,0,0,0,0,0,0,0,0,0,0
24000916,66273700576516684,14,14,105082,0,0,0,49895,100352,0,0,0,0,0,0,0,0,0,180923,0,0,40202,0,47844,0,0,0,0,0,0,0,0,0,12
24000917,13023723895107731,23,23,49835,0,0,0,43722,87552,0,0,0,0,0,0,0,0,0,0,0,0,0,0,0,0,0,0,0,0,0,0,0,0,0
24000918,17438002661339363,14,14,62716,0,0,0,50674,101888,0,0,0,0,0,0,0,0,0,0,0,0,0,0,0,0,0,0,0,0,0,0,0,0,0
24000919,22746746147530066,14,14,39691,0,0,0,20457,40960,0,0,0,0,0,0,0,0,0,0,0,0,0,0,0,0,0,0,0,0,0,0,0,0,0
24000920,78141343836775249,55,55,165534,0,0,0,81971,164864,0,0,0,0,0,0,0,0,0,377863,0,0,57780,0,65883,0,0,0,0,0,0,0,0,0,29
24000921,13429802461144783,14,14,46227,0,0,0,41342,83456,0,0,0,0,0,0,0,0,0,0,0,0,0,0,0,0,0,0,0,0,0,0,0,0,0
24000922,22676302464258086,20,20,58720,0,0,0,41095,82944,0,0,0,0,0,0,0,0,0,0,0,0,0,0,0,0,0,0,0,0,0,0,0,0,0
24000923,78171319692404504,23,23,137542,0,0,0,49467,99840,0,0,0,0,0,0,0,0,0,91640,0,0,22624,0,29805,0,0,0,0,0,0,0,0,0,4
24000924,42212372373749682,18,18,90341,0,0,0,51032,101888,0,0,0,0,0,0,0,0,0,0,0,0,0,0,0,0,0,0,0,0,0,0,0,0,0
24000925,21775170739758287,14,14,55461,0,0,0,43043,86528,0,0,0,0,0,0,0,0,0,0,0,0,0,0,0,0,0,0,0,0,0,0,0,0,0
24000926,32518302196300406,14,14,77225,0,0,0,45106,90624,0,0,0,0,0,0,0,0,0,0,0,0,0,0,0,0,0,0,0,0,0,0,0,0,0
24000927,66901437105130980,14,14,112866,0,0,0,49529,99840,0,0,0,0,0,0,0,0,0,91685,0,0,22624,0,29805,0,0,0,0,0,0,0,0,0,4
24000928,72331067349047792,63,63,104768,0,0,0,47249,94720,0,0,0,0,0,0,0,0,0,219062,0,0,17578,0,18039,0,0,0,0,0,0,0,0,0,21
24000929,52879743107161676,31,31,104515,0,0,0,54507,109568,0,0,0,0,0,0,0,0,2,0,0,0,0,0,0,54103,0,0,30533,0,15023,0,0,0,4
24000930,72522408453262412,14,14,131598,0,0,0,50014,100864,0,0,0,0,0,0,0,0,0,0,0,0,0,0,0,0,0,0,0,0,0,0,0,0,0
24000931,11484477583530011,14,14,41110,0,0,0,35992,72192,0,0,0,0,0,0,0,0,0,0,0,0,0,0,0,0,0,0,0,0,0,0,0,0,0
24000932,4923388037901214,14,14,18756,0,0,0,19817,39936,0,0,0,0,0,0,0,0,0,0,0,0,0,0,0,0,0,0,0,0,0,0,0,0,0
24000933,26233714488605906,71,71,87119,0,0,0,81713,164864,0,0,0,0,0,0,0,0,0,217425,0,0,17578,0,18039,0,0,0,0,0,0,0,0,0,21
24000934,34440685694001805,18,18,86422,0,0,0,32139,64512,0,0,0,0,0,0,0,0,0,0,0,0,0,0,0,0,0,0,0,0,0,0,0,0,0
24000935,16334086086968869,23,23,59009,0,0,0,46463,93184,0,0,0,0,0,0,0,0,0,0,0,0,0,0,0,0,0,0,0,0,0,0,0,0,0
24000936,66998349981015408,14,14,125482,0,0,0,39077,78848,0,0,0,0,0,0,0,0,0,0,0,0,0,0,0,0,0,0,0,0,0,0,0,0,0
24000937,14364487175319973,18,18,47800,0,0,0,36868,74240,0,0,0,0,0,0,0,0,0,48392,0,0,17578,0,18039,0,0,0,0,0,0,0,0,0,2
24000938,40462418319636734,14,14,84674,0,0,0,57535,116224,0,0,0,0,0,0,0,0,0,0,0,0,0,0,0,0,0,0,0,0,0,0,0,0,0
24000939,61453991485276367,14,14,95853,0,0,0,38526,77312,0,0,0,0,0,0,0,0,0,0,0,0,0,0,0,0,0,0,0,0,0,0,0,0,0
24000940,67526351454303911,18,18,108273,0,0,0,42949,86528,0,0,0,0,0,0,0,0,8,0,0,0,0,0,0,216412,0,0,122132,0,60092,0,0,0,16
24000941,16204319508153262,34,34,53371,0,0,0,46644,93184,0,0,0,0,0,0,0,0,0,0,0,0,0,0,0,0,0,0,0,0,0,0,0,0,0
24000942,13460935563036232,18,18,43176,0,0,0,31421,62976,0,0,0,0,0,0,0,0,0,0,0,0,0,0,0,0,0,0,0,0,0,0,0,0,0
24000943,37037636309897032,36,36,71933,0,0,0,36727,73728,0,0,0,0,0,0,0,0,0,0,0,0,0,0,0,0,0,0,0,0,0,0,0,0,0
24000944,36803455803751061,14,14,68621,0,0,0,36389,73216,0,0,0,0,0,0,0,0,0,0,0,0,0,0,0,0,0,0,0,0,0,0,0,0,0
24000945,43498673414061717,32,32,86017,0,0,0,56854,114176,0,0,0,0,0,0,0,0,0,0,0,0,0,0,0,0,0,0,0,0,0,0,0,0,0
24000946,24631013204920655,24,24,61125,0,0,0,35949,72192,0,0,0,0,0,0,0,0,0,0,0,0,0,0,0,0,0,0,0,0,0,0,0,0,0
24000947,45565762030638796,43,43,81850,0,0,0,35516,71168,0,0,0,0,0,0,0,0,0,0,0,0,0,0,0,0,0,0,0,0,0,0,0,0,0
24000948,13799416136730789,32,32,43821,0,0,0,23331,46592,0,0,0,0,0,0,0,0,0,0,0,0,0,0,0,0,0,0,0,0,0,0,0,0,0
24000949,42263563686247124,14,14,81983,0,0,0,50319,100864,0,0,0,0,0,0,0,0,0,0,0,0,0,0,0,0,0,0,0,0,0,0,0,0,0
24000950,71663895897614610,42,42,111937,0,0,0,38795,77824,0,0,0,0,0,0,0,0,0,0,0,0,0,0,0,0,0,0,0,0,0,0,0,0,0
24000951,25085118718777362,14,14,69338,0,0,0,39432,78848,0,0,0,0,0,0,0,0,0,0,0,0,0,0,0,0,0,0,0,0,0,0,0,0,0
24000952,80159168892429109,31,31,146904,0,0,0,77207,155136,0,0,0,0,0,0,0,0,0,82931,0,0,22624,0,29805,0,0,0,0,0,0,0,0,0,5
24000953,18270672813739236,30,30,66461,0,0,0,46377,93184,0,0,0,0,0,0,0,0,0,0,0,0,0,0,0,0,0,0,0,0,0,0,0,0,0
24000954,19204811662008499,43,43,68186,0,0,0,51643,103936,0,0,0,0,0,0,0,0,0,0,0,0,0,0,0,0,0,0,0,0,0,0,0,0,0
24000955,65897828735631434,15,15,107027,0,0,0,40961,82432,0,0,0,0,0,0,0,0,2,0,0,0,0,0,0,54103,0,0,30533,0,15023,0,0,0,4
24000956,6297053847077178,14,14,24193,0,0,0,30841,61952,0,0,0,0,0,0,0,0,0,0,0,0,0,0,0,0,0,0,0,0,0,0,0,0,0
24000957,57907037206316664,25,25,116624,0,0,0,94015,188416,0,0,0,0,0,0,0,0,0,82641,0,0,22624,0,29805,0,0,0,0,0,0,0,0,0,5
24000958,70443534638322431,27,27,107456,0,0,0,34755,70144,0,0,0,0,0,0,0,0,0,0,0,0,0,0,0,0,0,0,0,0,0,0,0,0,0
24000959,17000085721130389,14,14,61556,0,0,0,50923,102912,0,0,0,0,0,0,0,0,0,0,0,0,0,0,0,0,0,0,0,0,0,0,0,0,0
24000960,15240218204700107,14,14,54380,0,0,0,41096,82432,0,0,0,0,0,0,0,0,0,0,0,0,0,0,0,0,0,0,0,0,0,0,0,0,0
24000961,46215595509228467,14,14,83592,0,0,0,52008,104448,0,0,0,0,0,0,0,0,0,0,0,0,0,0,0,0,0,0,0,0,0,0,0,0,0
24000962,15317126807460962,14,14,56788,0,0,0,36405,73728,0,0,0,0,0,0,0,0,0,0,0,0,0,0,0,0,0,0,0,0,0,0,0,0,0
24000963,61810049354703465,14,14,115463,0,0,0,54378,109056,0,0,0,0,0,0,0,0,0,0,0,0,0,0,0,0,0,0,0,0,0,0,0,0,0
24000964,71021771523710670,34,34,119934,0,0,0,59022,118784,0,0,0,0,0,0,0,0,0,132165,0,0,40202,0,47844,0,0,0,0,0,0,0,0,0,7
24000965,6110671976601938,14,14,20839,0,0,0,27671,55296,0,0,0,0,0,0,0,0,0,0,0,0,0,0,0,0,0,0,0,0,0,0,0,0,0
24000966,53541899514124170,26,26,114174,0,0,0,53532,107520,0,0,0,0,0,0,0,0,2,82662,0,0,22624,0,29805,54103,0,0,30533,0,15023,0,0,0,9
24000967,3379328247958588,14,14,12843,0,0,0,15610,31744,0,0,0,0,0,0,0,0,0,0,0,0,0,0,0,0,0,0,0,0,0,0,0,0,0
24000968,24481971815357971,18,18,79416,0,0,0,60186,120832,0,0,0,0,0,0,0,0,0,0,0,0,0,0,0,0,0,0,0,0,0,0,0,0,0
24000969,26083257405121612,14,14,81651,0,0,0,41732,83968,0,0,0,0,0,0,0,0,0,0,0,0,0,0,0,0,0,0,0,0,0,0,0,0,0
24000970,15417596861958730,23,23,54480,0,0,0,40730,81408,0,0,0,0,0,0,0,0,0,0,0,0,0,0,0,0,0,0,0,0,0,0,0,0,0
24000971,15236652845778312,14,14,49484,0,0,0,58657,117248,0,0,0,0,0,0,0,0,0,48766,0,0,17578,0,18039,0,0,0,0,0,0,0,0,0,2
24000972,26765351233100550,19,19,80153,0,0,0,50692,101888,0,0,0,0,0,0,0,0,0,75258,0,0,17578,0,18039,0,0,0,0,0,0,0,0,0,5
24000973,14823491179540081,14,14,55159,0,0,0,35932,72192,0,0,0,0,0,0,0,0,0,0,0,0,0,0,0,0,0,0,0,0,0,0,0,0,0
24000974,17917159906389775,18,18,66242,0,0,0,55605,112128,0,0,0,0,0,0,0,0,0,0,0,0,0,0,0,0,0,0,0,0,0,0,0,0,0
24000975,14297134861457846,14,14,49123,0,0,0,60288,120832,0,0,0,0,0,0,0,0,0,0,0,0,0,0,0,0,0,0,0,0,0,0,0,0,0
24000976,21789151977924767,24,24,72865,0,0,0,37448,75264,0,0,0,0,0,0,0,0,2,0,0,0,0,0,0,54103,0,0,30533,0,15023,0,0,0,4
24000977,14992603423052221,14,14,54239,0,0,0,47608,95232,0,0,0,0,0,0,0,0,0,0,0,0,0,0,0,0,0,0,0,0,0,0,0,0,0
24000978,23355318747466201,56,56,72215,0,0,0,54694,109056,0,0,0,0,0,0,0,0,2,203148,0,0,17578,0,18039,54103,0,0,30533,0,15023,0,0,0,23
24000979,39066515679222241,14,14,122698,0,0,0,56944,114688,0,0,0,0,0,0,0,0,0,0,0,0,0,0,0,0,0,0,0,0,0,0,0,0,0
24000980,25174168016631220,52,52,67531,0,0,0,64589,129024,0,0,0,0,0,0,0,0,2,266141,0,0,40202,0,47844,54103,0,0,30533,0,15023,0,0,0,24
24000981,21849640948225989,14,14,63787,0,0,0,51242,102912,0,0,0,0,0,0,0,0,0,0,0,0,0,0,0,0,0,0,0,0,0,0,0,0,0
24000982,41279905572186805,23,23,105133,0,0,0,49500,99328,0,0,0,0,0,0,0,0,0,0,0,0,0,0,0,0,0,0,0,0,0,0,0,0,0
24000983,15558280981148526,14,14,57497,0,0,0,41138,82944,0,0,0,0,0,0,0,0,0,0,0,0,0,0,0,0,0,0,0,0,0,0,0,0,0
24000984,27676891257118800,14,14,64782,0,0,0,41885,84480,0,0,0,0,0,0,0,0,0,0,0,0,0,0,0,0,0,0,0,0,0,0,0,0,0
24000985,34862446242424938,20,20,90584,0,0,0,43396,87040,0,0,0,0,0,0,0,0,0,73785,0,0,22624,0,29805,0,0,0,0,0,0,0,0,0,2
24000986,30364089054581824,14,14,64512,0,0,0,44578,89088,0,0,0,0,0,0,0,0,0,101051,0,0,22624,0,29805,0,0,0,0,0,0,0,0,0,5
24000987,19092224265766562,14,14,64181,0,0,0,34269,68096,0,0,0,0,0,0,0,0,0,0,0,0,0,0,0,0,0,0,0,0,0,0,0,0,0
24000988,36937615710924691,23,23,99888,0,0,0,41702,84480,0,0,0,0,0,0,0,0,0,0,0,0,0,0,0,0,0,0,0,0,0,0,0,0,0
24000989,22887183834220897,14,14,54504,0,0,0,39605,79360,0,0,0,0,0,0,0,0,0,0,0,0,0,0,0,0,0,0,0,0,0,0,0,0,0
24000990,18685624030229284,14,14,38428,0,0,0,28020,55808,0,0,0,0,0,0,0,0,0,0,0,0,0,0,0,0,0,0,0,0,0,0,0,0,0
24000991,57287960185932737,14,14,162748,0,0,0,74526,148992,0,0,0,0,0,0,0,0,0,0,0,0,0,0,0,0,0,0,0,0,0,0,0,0,0
24000992,24654558393196782,14,14,58063,0,0,0,30683,61440,0,0,0,0,0,0,0,0,0,0,0,0,0,0,0,0,0,0,0,0,0,0,0,0,0
24000993,13176893358461870,14,14,48812,0,0,0,47888,96256,0,0,0,0,0,0,0,0,0,0,0,0,0,0,0,0,0,0,0,0,0,0,0,0,0
24000994,39787053785159711,29,29,102345,0,0,0,50116,100352,0,0,0,0,0,0,0,0,0,48620,0,0,17578,0,18039,0,0,0,0,0,0,0,0,0,2
24000995,42409280644122538,14,14,107365,0,0,0,27014,54272,0,0,0,0,0,0,0,0,0,0,0,0,0,0,0,0,0,0,0,0,0,0,0,0,0
24000996,15578709177150181,14,14,57724,0,0,0,55634,111616,0,0,0,0,0,0,0,0,0,0,0,0,0,0,0,0,0,0,0,0,0,0,0,0,0
24000997,36830447281467984,14,14,91873,0,0,0,37273,74752,0,0,0,0,0,0,0,0,0,0,0,0,0,0,0,0,0,0,0,0,0,0,0,0,0
24000998,18426834691630121,15,15,63780,0,0,0,80048,160768,0,0,0,0,0,0,0,0,2,0,0,0,0,0,0,54103,0,0,30533,0,15023,0,0,0,4
24000999,5313528928634710,14,14,19891,0,0,0,17950,36352,0,0,0,0,0,0,0,0,0,0,0,0,0,0,0,0,0,0,0,0,0,0,0,0,0
